一	开始	47
一	公里	43
一	星期	42
一	八年	16
一	起来	14
一	的	13
一	四年	12
一	阶段	12
一	做	12
一	小时	10
一	要	8
一	九年	8
一	肩挑	8
一	七年	8
一	男子	7
一	回事	7
一	问题	7
一	江山	6
一	听到	6
一	六年	6
一	听	6
一	重要	6
一	大片	6
一	手中	5
一	於	5
一	看到	5
一	五年	5
一	回头	5
一下	就	9
一下	自己	6
一下	吧	6
一下子	就	7
一个	人	296
一个	国家	70
一个	是	43
一个	重要	43
一个	民族	34
一个	有	28
一个	又	26
一个	地方	26
一个	新	25
一个	大	24
一个	不	22
一个	很	21
一个	好	18
一个	小	17
一个	问题	16
一个	星期	16
一个	时期	16
一个	都	15
一个	非常	15
一个	真正	14
一个	叫	14
一个	时代	13
一个	社会	13
一个	城市	12
一个	在	12
一个	小时	12
一个	家庭	12
一个	中国	11
一个	生命	9
一个	被	9
一个	党员	9
一个	关于	9
一个	单位	9
一个	政党	9
一个	由	9
一个	巨大	9
一个	环节	9
一个	能	9
一个	朋友	9
一个	也	9
一个个	的	6
一个月	的	9
一个月	前	7
一个月	后	7
一个月	了	6
一举一动	都	5
一书	的	5
一些	人	83
一些	地方	30
一些	国家	21
一些	问题	10
一些	新	10
一些	不	10
一些	地区	9
一些	企业	9
一些	政客	8
一些	城市	7
一些	有	7
一些	的	7
一些	党员干部	6
一些	在	6
一些	政府	6
一些	小	6
一些	西方	6
一些	政治	6
一些	专家	5
一些	官员	5
一些	居民	5
一些	与	5
一些	细节	5
一些	对	5
一些	事情	5
一人	死亡	6
一人	在	5
一代	又	20
一代	的	8
一代人	的	13
一代人	有	8
一件	事	41
一件	事情	13
一件	大事	12
一件	好事	8
一件	非常	5
一份	声明	25
一份	力量	20
一份	力	10
一份	满意	8
一份	报告	7
一份	工作	6
一会	又	5
一会儿	就	5
一位	是	8
一位	党员干部	8
一位	在	7
一位	名叫	6
一位	美国	5
一体	推进	49
一体	的	15
一体化	发展	12
一例	新冠	7
一侧	的	5
一分	力	6
一切	都	57
一切	工作	34
一切	的	22
一切	为了	19
一切	艰难险阻	10
一切	美好	7
一切	困难	6
一切	人	6
一切	从	6
一切	机会	5
一切	可能	5
一则	新闻	5
一刻	也	16
一千	人	5
一半	的	33
一半	以上	23
一半	人	6
一句	话	75
一只	手	5
一只	眼睛	5
一号	文件	5
一同	前往	6
一名	男子	68
一名	女子	26
一名	党员干部	22
一名	党员	18
一名	在	13
一名	合格	12
一名	优秀	12
一名	共产党员	12
一名	基层	10
一名	女	8
一名	患者	8
一名	年	8
一名	新	8
一名	女性	7
一名	於	7
一名	有	7
一名	新冠	7
一名	身穿	6
一名	男	6
一名	医生	6
一名	基层干部	6
一名	工作	6
一名	美国	5
一名	中国	5
一名	消防	5
一名	涉嫌	5
一名	黑人	5
一周	的	20
一周	后	8
一味	地	11
一味	的	7
一场	疫情	10
一场	没有	10
一场	战争	7
一场	大考	6
一场	持久战	6
一场	突如其来	5
一场	灾难	5
一处	想	9
一处	使	8
一大	亮点	5
一天	的	26
一天	前	13
一天	都	12
一天	也	5
一宗	疑似	8
一定	要	233
一定	的	96
一定	会	66
一定	能	63
一定	程度	59
一定	是	47
一定	能够	24
一定	有	17
一定	不能	9
一定	时间	5
一家	三口	17
一家	公司	15
一家	医院	8
一家	酒店	8
一家	企业	6
一家	名为	5
一家	四口	5
一帆风顺	的	5
一带	一路	24
一带	的	8
一年	的	43
一年	前	22
一年	中	16
一年	半	10
一年	多	9
一年	后	8
一年	里	8
一年	原厂	5
一年	时间	5
一年一度	的	10
一座	城市	5
一张	张	12
一张	床	5
一往无前	的	12
一所	学校	5
一手	抓	23
一批	又	10
一批	人	8
一批	能够	5
一支	高素质	7
一文	中	9
一方	的	6
一方有难	八方支援	7
一方面	要	14
一方面	是	11
一日	新增	19
一日	的	5
一日	上班	5
一旦	被	13
一旦	发现	12
一旦	出现	8
一旦	有	6
一旦	发生	6
一时	的	9
一是	要	14
一期	工程	6
一枝	一叶	5
一样	的	94
一样	在	6
一根	针	6
一次	的	31
一次	又	17
一次	大考	11
一次	重大	10
一次	办	7
一次	被	7
一次	在	7
一次	再	6
一次	具有	6
一次	战斗	5
一次	会议	5
一次	是	5
一次	上班	5
一次性	的	5
一步	的	22
一步	一步	12
一步	提升	7
一步	都	7
一步	将	6
一步	走	5
一段	时期	8
一段	视频	5
一段时间	的	9
一段时间	后	8
一段时间	内	6
一江	碧水	6
一江	一湖	5
一波	疫情	6
一流	的	18
一点	都	19
一点	也	15
一点	的	10
一点	是	5
一点	就	5
一生	的	20
一生	中	15
一生	都	7
一番	事业	6
一直	在	153
一直	是	69
一直	都	37
一直	以来	27
一直	被	17
一直	有	15
一直	到	15
一直	没有	14
一直	保持	13
一直	存在	12
一直	把	10
一直	认为	9
一直	密切	8
一直	很	7
一直	致力	7
一直	未能	6
一直	持续	6
一直	就	6
一直	受到	6
一直	延伸	6
一直	走	6
一直	希望	6
一直	不	5
一直	觉得	5
一直	坚持	5
一直	强调	5
一直	以	5
一直	打	5
一直	想	5
一直	和	5
一看	就是	7
一看	就	5
一眼	就	6
一种	是	28
一种	生活	10
一种	习惯	10
一种	新	10
一种	态度	9
一种	精神	9
一种	方式	8
一种	责任	8
一种	方法	7
一种	品质	6
一种	形式	6
一种	美德	6
一种	新型	5
一种	对	5
一种	境界	5
一种	很	5
一种	人	5
一种	非常	5
一种	能力	5
一篇	文章	13
一篇	论文	6
一粒	粮食	5
一系列	的	22
一系列	重要	12
一系列	重大	9
一系列	政策	6
一系列	措施	5
一级	响应	14
一线	的	87
一线	医务人员	19
一线	考察	18
一线	工作	15
一线	干部	12
一线	医护人员	11
一线	工作人员	9
一线	城市	8
一线	去	8
一线	奋战	7
一线	岗位	6
一线	是	5
一群	人	11
一群	孩子	6
一致	的	19
一致	表示	9
一致	认为	7
一般	的	42
一般	人	18
一般	都	15
一般	是	11
一般	在	8
一般	情况	7
一行	人	5
一行	的	5
一贯	的	7
一起	在	19
一起	去	18
一起	的	17
一起	打	13
一起	努力	9
一起	工作	8
一起	吃	7
一起	走	7
一起	玩	6
一起	共同	5
一起	参加	5
一起	做	5
一起	向	5
一路	走	8
一路	走来	8
一路	向前	7
一蹴而就	的	6
一身	衣服	6
一辈子	的	11
一辈子	都	5
一边	是	16
一边	说	6
一部分	人	16
一部分	是	6
一部分	的	6
一面	旗帜	11
一面	是	5
一项	重要	19
一项	调查	9
一项	研究	8
一项	系统工程	6
一项	工作	5
一项	重大	5
一首	诗	8
七	公主	7
七年	的	5
七种	能力	21
万	的	17
万	只	16
万	人口	12
万	大军	5
万	粉丝	5
万人	的	8
万人	在	5
万余	人	19
万元	的	12
万元	以上	8
万多	人	12
万家	团圆	5
万物	的	6
万物	之	5
万美元	的	5
万能	的	5
丈夫	的	9
丈夫	和	8
三	不	26
三	保障	23
三	医院	12
三	的	9
三	一	6
三	方面	6
三	人均	5
三一	重工	6
三个	月	17
三个	人	10
三个	方面	9
三个	区分	9
三个	字	8
三个	高地	6
三五年	远景	18
三分之一	的	13
三分之二	的	10
三十年	的	7
三国	时期	7
三大	攻坚战	18
三大	工程	12
三年	的	7
三年	前	6
三年	行动计划	5
三支	队伍	20
三是	要	12
三次	会议	17
三款	车型	14
三湘	大地	18
三湘	都市报	7
三藩市	的	15
三道	四	5
三重	一大	5
三项	机制	7
上	的	748
上	月	130
上	了	122
上	有	87
上	是	84
上	最	57
上	表示	57
上	也	55
上	口罩	52
上	都	38
上	说	34
上	看	34
上	周六	32
上	强调	30
上	下功夫	30
上	世纪	28
上	发表	24
上	最大	24
上	一次	23
上	就	22
上	讲	21
上	不	20
上	指出	19
上	还	19
上	行动	18
上	取得	17
上	对	17
上	做	16
上	已	15
上	与	15
上	存在	14
上	进行	13
上	被	13
上	更	13
上	和	12
上	宣布	12
上	来说	12
上	平台	11
上	水	11
上	好	11
上下	联动	11
上任	的	5
上升	到	20
上升	至	17
上升	的	16
上升	了	10
上升	为	8
上午	在	12
上午	的	7
上周	在	9
上周	曾	5
上周	表示	5
上市	的	27
上市	前夕	12
上映	的	7
上汽	大众	9
上海	的	35
上海	和	7
上海	迪士尼	6
上海	是	5
上海	发展	5
上海	人	5
上演	的	8
上班	的	10
上班	日期	5
上级	的	14
上级	党组织	5
上线	下	19
上线	的	5
上网	课	9
上网	的	5
上规模	最大	6
上述	的	9
上面	的	16
上面	写	7
上面	千条	6
上面	有	5
下	的	176
下	一步	65
下	月	47
下	了	37
下	一个	29
下	都	14
下	有	12
下	在	12
下	一次	11
下	到	11
下	口罩	9
下	周二	9
下	周三	9
下	进行	9
下	也	8
下	工作	8
下	一任	7
下	才	7
下	更	7
下	好	7
下	飞机	6
下	起	6
下	星期一	6
下	运行	5
下	形成	5
下	他	5
下	可以	5
下	如何	5
下令	禁止	5
下午	在	22
下午	的	11
下午	有	5
下午	起	5
下去	了	9
下去	的	8
下发	了	6
下发	通知	5
下属	的	12
下方	的	6
下旬	向	5
下来	的	26
下来	了	6
下沉	到	10
下游	的	5
下滑	的	5
下班	后	8
下行	的	5
下跌	了	5
下达	的	9
下降	了	31
下降	的	18
下降	至	12
下降	到	9
下降	幅度	6
下面	的	10
下面	一根	5
不	知道	266
不	可能	171
不	需要	106
不	在	103
不	清楚	88
不	忘	75
不	多	74
不	容易	71
不	一样	69
不	排除	69
不	做	64
不	一定	61
不	大	59
不	作为	59
不	应该	57
不	愿意	54
不	为	50
不	可以	48
不	被	48
不	只是	46
不	等	45
不	存在	42
不	符合	41
不	懂	41
不	同意	40
不	平凡	40
不	对	39
不	喜欢	38
不	受	37
不	搞	36
不	合格	34
不	公平	34
不	平等	32
不	代表	31
不	平衡	31
不	到位	28
不	希望	28
不	说	27
不	给	27
不	太	27
不久	的	18
不久	就	9
不久	后	6
不了	的	12
不争	的	6
不仅	是	84
不仅	要	74
不仅	在	23
不仅	可以	17
不仅	没有	16
不仅	有	15
不仅	让	14
不仅	对	13
不仅	会	11
不仅	能	8
不仅	影响	6
不仅	为	6
不仅	体现	6
不仅	需要	6
不仅	使	5
不仅	直接	5
不仅仅	是	48
不会	有	28
不会	被	18
不会	忘记	16
不会	让	15
不会	在	14
不会	是	10
不会	再	9
不会	变	8
不会	因为	8
不会	因	8
不会	为	7
不会	那么	7
不会	成为	7
不会	对	7
不会	影响	6
不会	想到	6
不会	的	6
不会	改变	6
不会	去	6
不会	出现	5
不会	把	5
不会	像	5
不会	很	5
不会	受到	5
不会	与	5
不会	随着	5
不会	觉得	5
不但	没有	11
不但	要	10
不但	不	6
不但	可以	5
不俗	的	6
不停	地	21
不停	的	15
不停	学	10
不像	现在	5
不再	是	19
不再	像	5
不再	使用	5
不利	的	8
不利	影响	8
不利	於	6
不到	的	18
不到	任何	6
不到	一个月	5
不力	的	12
不动产	登记	7
不变	的	19
不可	缺少	9
不可	接受	8
不可	战胜	5
不可	掉	5
不可分割	的	10
不可或缺	的	24
不可避免	的	13
不可避免	地	7
不合理	的	10
不同	的	257
不同	程度	37
不同	族裔	9
不同	了	7
不同	国家	7
不同	时期	7
不同	情况	7
不同	方式	6
不同	类型	5
不同	部门	5
不同	场合	5
不同	领域	5
不同	意见	5
不同寻常	的	7
不多	於	7
不够	的	8
不够	用	7
不好	的	16
不好	说	5
不安	的	5
不容	小觑	5
不小	的	17
不少	人	77
不少	市民	33
不少	地方	15
不少	於	15
不少	的	11
不少	港人	7
不少	网友	6
不少	居民	6
不少	钱	5
不少	家庭	5
不少	于	5
不屈不挠	的	6
不幸	的	19
不幸	被	6
不得	转载	20
不得	在	9
不得	超过	5
不得不	说	11
不必	在	21
不必要	的	39
不忘	初心	148
不惜一切	代价	6
不想	腐	67
不想	让	8
不想	在	6
不想	再	5
不愧	是	7
不懈	奋斗	37
不懈	的	7
不戴	口罩	19
不折不扣	地	10
不折不扣	的	6
不折不扣	落实	6
不敢	腐	69
不敢	去	8
不敢	担当	7
不断	提高	88
不断	提升	67
不断	增强	61
不断	的	49
不断	地	34
不断	强化	22
不断	发展	19
不断	解决问题	16
不断	巩固	14
不断	深化	14
不断	在	13
不断	变化	13
不断	向	12
不断	升级	12
不断	增加	12
不断	造福	12
不断	优化	11
不断	学习	11
不断	取得	10
不断	推进	10
不断	锤炼	9
不断	受	9
不断	把	8
不断	加大	8
不断	成长	8
不断	调整	7
不断	夯实	7
不断	创造	7
不断	充实	7
不断	实现	6
不断	健全	6
不断	探索	6
不断	上升	6
不断	开	6
不断	为	5
不断	积累	5
不断	自我	5
不断	发展壮大	5
不断	夺取	5
不断	奋斗	5
不明	的	16
不明	原因	8
不明朗	因素	6
不易	的	5
不是	在	31
不是	说	28
不是	一个	25
不是	什么	24
不是	很	23
不是	我	17
不是	为了	17
不是	自己	15
不是	简单	14
不是	因为	14
不是	你	13
不是	要	13
不是	我们	12
不是	所有	12
不是	被	11
不是	别人	9
不是	一件	8
不是	一种	8
不是	终点	8
不是	这样	8
不是	每个	7
不是	把	7
不是	从	7
不是	对	6
不是	不	6
不是	完全	6
不是	一般	6
不是	靠	6
不是	那么	6
不是	没有	5
不是	与	5
不是	一蹴而就	5
不是	唯一	5
不是	更	5
不是	普通	5
不是	很多	5
不是	他	5
不是	中国	5
不是	让	5
不朽	的	5
不止	是	11
不正之风	和	9
不漏	一人	7
不然	就	5
不用	再	10
不用	担心	7
不用	去	5
不用	我	5
不用	多	5
不用说	了	7
不畏	浮云	8
不知	是	15
不知	如何	7
不破	楼兰	9
不算	大	6
不算	是	5
不算	太	5
不管	是	74
不管	你	11
不经意	的	7
不能	腐	67
不能	有	35
不能	再	25
不能	少	24
不能	在	21
不能	让	21
不能	只	17
不能	把	16
不能	做	15
不能	放松	14
不能	丢	14
不能	忘记	13
不能	接受	12
不能	被	11
不能	去	10
不能	因为	9
不能	用	9
不能	忽视	8
不能	将	8
不能	完全	8
不能	为了	8
不能	没有	7
不能	打	7
不能	解决	7
不能	大意	7
不能	吃	6
不能	对	6
不能	掉以轻心	6
不能	放弃	6
不能	忘	6
不能	只是	6
不能	像	6
不能	搞	6
不能	松懈	6
不能	说	6
不能	停顿	6
不能	太	5
不能	代替	5
不能	及时	5
不能	因此	5
不舍	的	5
不良	的	7
不行	了	11
不行	的	5
不要	让	20
不要	去	17
不要	把	16
不要	再	15
不要	忘记	13
不要	说	8
不要	使用	7
不要	在	7
不要	太	7
不要	有	6
不要	外出	6
不要	对	6
不要	前往	6
不要	被	6
不要	将	5
不要	害怕	5
不要	出门	5
不要	做	5
不见	了	10
不让	人	7
不负	人民	10
不负	韶华	8
不负	重托	5
不起眼	的	9
不足	的	34
不足	而	5
不达	目的	5
不过	是	51
不过	在	11
不过	分	10
不过	我	8
不过	他	7
不过	人	5
不远	的	11
不远	了	5
不远处	的	5
不适	用于	7
不适	症状	5
不错	的	44
不限	於	5
不难	发现	13
不顾	自身	6
不高	的	8
与	中国	88
与	群众	64
与	人民	62
与	人	52
与	其他	40
与	美国	38
与	我	26
与	共	25
与	担当	25
与	之	24
与	你	23
与	发展	23
与	时间	22
与	我们	21
与	病毒	21
与	他	19
与	世界	19
与	乡村	19
与	国家	16
与	新冠	15
与	社会	15
与	党中央	15
与	他们	15
与	自己	14
与	疫情	14
与	使命	14
与	日本	13
与	网友	13
与	病魔	13
与	党	12
与	敌人	12
与	他人	12
与	实践	11
与	文明	11
与	安全	11
与	她	10
与	国际	10
与	大家	10
与	支持	9
与	去年	9
与会	人员	7
与时俱进	的	9
与生俱来	的	10
专业	的	37
专业	能力	15
专业	合作社	14
专业	精神	5
专业	人员	5
专业化	的	7
专家	们	42
专家	和	15
专家	的	12
专家	称	10
专家	表示	10
专家	认为	10
专家	警告	9
专家	说	8
专家	团队	5
专家	也	5
专家组	组长	7
专注	于	14
专责	机关	6
专门	的	14
专门	负责	5
专门	为	5
专项	治理	22
专项	整治	16
专项	行动	12
专题	民主	9
且	在	13
且	有	8
且	不	6
且	是	5
世上	没有	5
世人	的	6
世界	上	145
世界	的	67
世界	经济	48
世界	各国	36
世界	其他	20
世界	百年	18
世界	人民	15
世界	里	15
世界	是	14
世界	第二	14
世界	范围	13
世界	中	13
世界	和平	11
世界	第一	10
世界	最大	8
世界	主要	8
世界	发展	8
世界	就	8
世界	提供	7
世界	一流	6
世界	展示	6
世界	都	6
世界	看到	5
世界	读书	5
世界	自然	5
世界	正	5
世界	和	5
世界卫生组织	的	7
世界卫生组织	总干事	5
世界各地	的	22
世纪	的	17
世间	万物	7
业务	的	14
业务	能力	14
业务	工作	9
业务	骨干	5
东京	奥运会	9
东北	的	12
东北	野战军	8
东北	军区	5
东北	人	5
东北	抗日	5
东方	陌	5
东西	都	12
东西	是	8
东西	的	7
东西	了	5
东西南北	风	6
东部	标准	15
东部	的	7
东部	地区	5
丝毫	的	7
丝毫	没有	5
丢	了	14
两	国	25
两	方面	8
两个	维护	126
两个	一百年	52
两个	月	42
两个	人	39
两个	孩子	14
两个	方面	13
两个	多月	12
两个	星期	12
两个	大局	11
两个	国家	10
两个	小时	9
两个	不同	7
两个	字	7
两个	责任	7
两个	儿子	7
两个	女儿	6
两个	小	6
两个	阶段	5
两个	多	5
两人	的	8
两会	精神	9
两会	期间	5
两位	仙人	12
两侧	的	12
两周	前	5
两国	的	7
两天	后	13
两年	前	9
两年	后	8
两年	的	5
两手	都	5
两种	不同	5
两边	的	6
两面	人	8
严	的	10
严厉	的	17
严密	的	16
严密	防线	8
严峻	的	38
严峻	复杂	26
严峻	挑战	8
严峻	斗争	7
严明	政治	7
严格	的	79
严格	落实	40
严格	按照	26
严格	管控	6
严格	规范	5
严格	限制	5
严格要求	自己	17
严管	和	7
严肃	问责	15
严肃	党内	6
严肃	换届	5
严苛	的	5
严谨	的	11
严谨	细致	5
严重	的	114
严重	影响	23
严重	疫情	8
严重	打击	7
严重	依赖	7
严重	损害	7
严重	问题	6
严重	程度	5
严重	地区	5
严重	违反	5
丧失	了	11
个	月	82
个	小时	46
个	国家	32
个	五年	17
个	贫困县	15
个	好	12
个	多月	12
个	项目	11
个	百分点	11
个	方面	11
个	问题	10
个	孩子	10
个	小	9
个	很	9
个	多	9
个	字	9
个	大	8
个	贫困村	7
个	乡镇	7
个	连	6
个	县	6
个	省份	6
个	工作日	5
个	地区	5
个人	的	47
个人	防护	13
个人	价值	10
个人	与	7
个人	认为	7
个人	和	7
个人	安危	6
个人	还是	5
个人	觉得	5
个人	品德	5
个人	都	5
个人	自由	5
个人信息	的	6
个体	的	5
个别	地方	5
个别	的	5
个性	的	8
中	的	773
中	去	85
中	表示	83
中	有	54
中	也	44
中	最	40
中	美	40
中	指出	40
中	被	32
中	写道	32
中	不断	28
中	发现	27
中	汲取	27
中	所	25
中	存在	25
中	出现	24
中	就	22
中	都	21
中	找到	20
中	得到	20
中	提到	20
中	还	19
中	发挥	19
中	我们	19
中	实现	19
中	取得	17
中	和	16
中	使用	16
中	提出	16
中	大	16
中	可以	16
中	看到	15
中	印	15
中	没有	13
中	形成	13
中	成长	13
中	对	13
中	不	13
中	提及	12
中	把	12
中共	的	14
中共	中央政治局常委	7
中共	中央军委	5
中共中央	关于	15
中共中央	总书记	14
中共中央	印发	5
中共中央办公厅	印发	7
中共中央政治局	委员	15
中共中央政治局	常务委员会	6
中华	优秀	22
中华	传统	12
中华	大地	5
中华人民共和国	成立	10
中华人民共和国	的	5
中华民族	伟大	175
中华民族	的	72
中华民族	谋	23
中华民族	在	6
中华民族	实现	5
中华民族	几千年	5
中华民族	是	5
中华民族	永续	5
中南大学	湘雅医院	9
中南大学	湘雅	8
中原	突围	5
中国	的	452
中国	特色	443
中国	人民	203
中国	人	153
中国	梦	102
中国	在	61
中国	大陆	59
中国	经济	54
中国	成立	50
中国	军队	49
中国	是	37
中国	革命	32
中国	和	32
中国	对	28
中国	历史	26
中国	企业	24
中国	驻	24
中国	有	24
中国	官员	24
中国	领导人	24
中国	社会	23
中国	青年	22
中国	精神	22
中国	将	19
中国	力量	19
中国	公司	19
中国	传统	18
中国	发展	18
中国	武汉	17
中国	公民	17
中国	国家	16
中国	与	16
中国	官方	16
中国	文化	15
中国	最	13
中国	国际	12
中国	古代	12
中国	病毒	12
中国	媒体	12
中国	市场	12
中国共产党	的	72
中国共产党	人	50
中国共产党	领导	40
中国共产党	是	10
中国共产党	在	9
中国共产党	成立	9
中国共产党	始终	7
中国共产党	和	6
中国化	最新	5
中国化	的	5
中国工程院	院士	12
中国政府	的	12
中国政府	在	8
中国政府	对	7
中央	八项	35
中央	的	27
中央	和	20
中央	广播电视	9
中央	经济	8
中央	扶手箱	8
中央	扶手	8
中央	机关	7
中央	要求	6
中央	关于	6
中央	到	6
中央	分局	5
中央	决定	5
中央	对	5
中央	提出	5
中央	领导人	5
中央	领导	5
中央党校	中青年	6
中央军委	主席	12
中央政府	的	6
中央政治局	会议	5
中央纪委	四次	16
中央纪委	国家	9
中央纪委	二次	5
中学	会	8
中学	到	7
中学	的	5
中小	微	15
中小	企	9
中心	的	197
中心	主任	34
中心	和	17
中心	也	14
中心	表示	13
中心	工作	13
中心	及	12
中心	公布	12
中心	接受	10
中心	在	9
中心	是	9
中心	城市	7
中心	通知	7
中心	等	7
中心	昨晚	7
中心	提供	6
中心	已	6
中心	董事	6
中心	外	6
中心	副	6
中心	正	6
中心	有	6
中心	昨日	6
中心	宣布	5
中心	都	5
中心	城区	5
中方	的	7
中方	在	7
中旬	的	5
中期	改款	5
中级	人民法院	7
中组部	部长	12
中美	两国	5
中美关系	的	7
中西医	结合	6
中部	地区	12
中部	的	5
中部	战区	5
中间	的	8
中青年	干部	33
中非	合作	5
丰厚	的	10
丰富	的	84
丰富	了	14
丰富	和	9
丰富	内涵	8
丰富	自己	7
丰富多彩	的	6
丰盛	的	6
串流	平台	5
临川	公主	9
临床	症状	6
临床	上	5
临床	治疗	5
临时	党支部	8
临近	中午	5
为	人民	254
为	中心	134
为	核心	122
为	中国	84
为	实现	81
为	自己	78
为	群众	66
为	我们	57
为	人	44
为	国家	43
为	全面	43
为	之	40
为	基层	37
为	他们	36
为	其	35
为	打赢	35
为	你	34
为	大家	33
为	他	32
为	党	32
为	代表	31
为	决胜	31
为	指导	31
为	中华民族	31
为	基础	28
为	企业	26
为	由	25
为	主体	24
为	推动	23
为	新	22
为	党和人民	20
为	祖国	20
为	社会	19
为	世界	19
为	我国	19
为	的	19
为	疫情	18
为	本人	18
为	目标	17
为	老百姓	17
为了	让	41
为了	人民	31
为了	更好	18
为了	避免	12
为了	保护	12
为了	实现	11
为了	不	11
为了	防止	11
为了	谁	10
为了	确保	10
为了	保证	9
为了	完成	9
为了	应对	8
为了	解决	8
为了	追求	8
为了	给	7
为了	能	7
为了	不让	7
为了	保障	6
为了	减少	6
为了	帮助	6
为了	这个	6
为了	遏制	5
为了	自己	5
为了	在	5
为了	祖国	5
为什么	要	29
为什么	会	25
为什么	不	15
为什么	在	9
为什么	不能	6
为什么	没有	6
为何	要	7
为先	的	5
为数不多	的	6
为此	付出	6
为民	情怀	30
为民	的	13
为民	办事	10
为民	宗旨	5
为民	谋利	5
为民服务	的	25
为民造福	作为	7
为荣	的	9
为首	的	13
主	的	13
主	基调	12
主	驾驶	5
主人	套房	9
主人	的	5
主任	的	9
主体	责任	58
主体	地位	14
主体	的	11
主力	红军	13
主动	作为	18
主动	担当	17
主动	承担	12
主动	请缨	10
主动	适应	9
主动	把	7
主动	向	7
主动	为	6
主动	求变	6
主动	提出	5
主动	战	5
主动	参与	5
主动	监督	5
主动	学习	5
主动	服务	5
主动	与	5
主动性	创造性	7
主动性	和	7
主因	是	6
主导	的	14
主席	的	25
主席	习近平	21
主席	兼	14
主席	在	8
主席	梁子	6
主席	李	5
主持	召开	30
主持	的	20
主持	了	7
主旨	演讲	5
主流	媒体	17
主演	的	30
主要	是	108
主要	的	39
主要	原因	30
主要	集中	20
主要	由	17
主要	在	14
主要	有	13
主要	领导	10
主要	目的	10
主要	负责人	10
主要	城市	9
主要	任务	9
主要	表现	8
主要	负责同志	8
主要	内容	8
主要	目标	7
主要	包括	7
主要	问题	7
主要	工作	7
主要	负责	6
主要	还是	6
主要	是因为	6
主要	领导人	5
主要	用于	5
主要	体现	5
主要	经济体	5
主要	用	5
主要矛盾	已经	6
主观	能动性	6
主角	的	5
主责	主业	10
主题	教育	92
主题	的	9
主题	活动	6
主题	主线	5
举	国	19
举世瞩目	的	7
举办	的	11
举办	了	9
举报	渠道	10
举报	的	5
举措	的	5
举措	和	5
举行	的	53
举行	了	27
举行	新闻	6
举足轻重	的	5
乃至	全国	11
乃至	世界	5
乃至	更长	5
久	了	12
久	的	6
久违	的	5
义务	的	6
义工	队伍	16
义工	们	9
义无反顾	地	6
义无反顾	的	5
之	年	87
之	路	77
之	时	65
之	人	38
之	处	36
之	所	28
之	举	26
之	本	26
之	事	25
之	家	19
之	嫌	18
之	余	16
之	初	14
之	乡	14
之	的	14
之	急	12
之	地	10
之	最	10
之	说	10
之	于	10
之	路上	9
之	行	9
之	久	8
之	多	8
之	钙	8
之	日	8
之	便	8
之	父	8
之	首	7
之	之	7
之	列	7
之	言	6
之	需	6
之	成为	6
之	奋斗	5
之	将	5
之	又	5
之	我	5
之	曰	5
之	根本	5
之一	的	40
之一	是	13
之一	就是	8
之上	的	5
之下	的	7
之中	的	8
之内	的	5
之初	的	5
之初	就	5
之前	的	68
之前	就	17
之前	都	10
之前	曾	9
之前	在	9
之前	也	9
之前	我	6
之前	有	6
之后	的	47
之后	才	9
之后	就	7
之后	又	5
之外	的	24
之外	也	5
之战	的	7
之所以	能够	16
之所以	能	14
之类	的	21
之路	的	6
之间	的	163
之间	有	5
之间	存在	5
乎	其	5
乏力	等	5
乐观	的	19
乐观	情绪	5
乘	搭	18
乘	上	5
乘坐	的	14
乘坐	空间	8
乘坐	公共	5
乘客	的	20
乘客	和	9
乘客	在	8
乘客	量	5
乘客	於	5
乜	都	6
九	所	5
乞讨	人员	5
也	是	1357
也	有	402
也	要	308
也	不	289
也	会	223
也	在	220
也	可以	179
也	没有	168
也	就	147
也	很	118
也	不能	112
也	能	107
也	被	103
也	就是	100
也	将	98
也	不是	83
也	都	80
也	不会	78
也	可能	72
也	为	68
也	让	67
也	曾	67
也	表示	67
也	需要	53
也	可	52
也	没	48
也	非常	43
也	希望	40
也	有人	39
也	正是	33
也	给	33
也	应该	32
也	已	29
也	不要	29
也	只是	27
也	对	27
也	只能	26
也	开始	26
也	只有	25
也	应	24
也许	是	27
也许	会	18
习	总书记	81
习	主席	16
习惯	了	13
习惯	的	8
习惯	在	6
习近平	总书记	687
习近平	新	156
习近平	同志	113
习近平	在	35
习近平	的	22
习近平	谈	22
习近平	主席	19
习近平	生态	11
习近平	强调	7
习近平	指出	6
习近平	为	5
习近平	法治	5
乡	的	7
乡村	振兴	166
乡村	旅游	26
乡村	治理	15
乡村	书院	11
乡村	建设	10
乡村	产业	10
乡村	的	10
乡村	人才	9
乡村	小规模	7
乡村	发展	5
乡镇	的	5
书	的	6
书	中	5
书写	了	15
书写	着	8
书写	出	7
书写	的	5
书记	的	7
书记	抓	6
书记	在	5
买	了	58
买	的	34
买	到	14
买	它	9
买	口罩	5
买车	的	12
乱	作为	18
乱	了	5
了	一个	294
了	中国	130
了	他	130
了	自己	130
了	新	125
了	我	124
了	很多	111
了	我们	102
了	一些	99
了	更	90
了	不少	84
了	这	78
了	许多	75
了	对	67
了	她	65
了	个	61
了	疫情	61
了	新冠	60
了	大量	59
了	的	55
了	美国	55
了	这个	54
了	他们	54
了	什么	54
了	在	54
了	一份	53
了	人们	51
了	一场	49
了	一系列	48
了	重要	48
了	多少	46
了	起来	44
了	近	42
了	一种	41
了	一下	40
了	一条	38
了	很	38
了	吗	38
了	人民	38
了	一次	36
了不起	的	7
了解	到	69
了解	群众	28
了解	情况	16
了解	了	16
了解	和	11
了解	的	11
了解	干部	9
了解	自己	8
了解	更	7
了解	一下	6
了解	掌握	6
了解	病毒	6
了解	当地	6
了解	他们	6
了解	这个	6
了解	他	5
了解	民情	5
争做	新	8
争做	英雄	5
争先恐后	地	5
争取	到	6
争议	的	12
争论	的	6
事	都	23
事	的	18
事	不	14
事	也	8
事	就是	8
事	了	6
事	一次	6
事	让	6
事	难办	5
事	在	5
事	就	5
事业	的	68
事业	发展	48
事业	中	11
事业	上	8
事业	和	8
事业	观	7
事业	取得	6
事业	就	6
事业	是	5
事业	需要	5
事业	奋斗	5
事主	昏迷	9
事主	的	8
事主	倒	5
事件	的	58
事件	中	39
事件	发生	15
事件	是	11
事件	引起	8
事件	一级	7
事件	上	7
事件	和	7
事件	也	6
事件	有	6
事件	造成	6
事件	涉及	6
事件	及	6
事件	而	5
事件	曝光	5
事件	应急	5
事件	在	5
事件	引发	5
事件	等	5
事关	国家	5
事务	的	12
事务	中	7
事半功倍	的	6
事情	的	38
事情	都	21
事情	上	11
事情	了	10
事情	发生	7
事情	是	7
事情	也	5
事情	就	5
事故	中	6
事故	原因	5
事故	的	5
事物	的	16
事物	发展	6
事迹	和	6
事项	清单	5
二	医院	8
二	的	5
二人	的	8
二人	於	5
二十四	小时	6
二战	期间	8
二是	要	15
二是	强化	5
于	变局	23
于	此	21
于	今年	12
于	中国	10
于	人民	10
于	一体	9
于	都	8
于	自己	8
于	一身	7
于	我	7
于	党	6
于	近日	6
于	金山	5
于	不顾	5
于	美国	5
于	世界	5
于	对	5
于	传统	5
于	明年	5
于	我们	5
于	下	5
于是	他	8
于是	就	7
于是	我们	6
于是	在	5
云	游戏	15
云	超市	12
云	计算	6
云	平台	6
云山	战斗	5
云雾	缭绕	8
互动	的	5
互助	保险	6
互相	尊重	7
互相	指责	5
互联网	平台	12
互联网	产业	11
互联网	企业	11
互联网	的	10
互联网	上	7
互联网	时代	7
互联网	公司	5
互联网	技术	5
互联网	发展	5
五个	方面	5
五中全会	精神	50
五中全会	提出	13
五中全会	审议	7
五十	人	5
五四	精神	6
五年	规划	27
五年	前	9
五年	的	7
五月	的	5
五级	书记	8
五行	的	5
井冈山	的	8
亚洲	人	5
亚洲	国家	5
亚裔	美国	16
亚裔	的	5
些	什么	8
交上	一份	8
交付	的	5
交代	了	5
交出	了	6
交出	满意	5
交出	一份	5
交出	合格	5
交往	的	12
交易	的	16
交易	中	6
交汇	期	9
交汇点	上	13
交流	的	19
交流	和	6
交流	合作	6
交由	元朗	7
交由	深水	7
交界	的	7
交织	在	5
交给	了	15
交通	意外	13
交通	的	8
交通	管理局	6
交通工具	的	7
亦	有	172
亦	是	73
亦	指	44
亦	在	41
亦	已	39
亦	要	38
亦	曾	32
亦	不	27
亦	被	25
亦	有人	23
亦	於	19
亦	表示	16
亦	未有	13
亦	希望	10
亦	令	10
亦	或是	9
亦	正	9
亦	宣布	8
亦	由	8
亦	未	8
亦	涉嫌	8
亦	提醒	7
亦	不能	7
亦	可以	7
亦	即	6
亦	提到	6
亦	可能	6
亦	都	6
亦	包括	5
亦	因	5
亦	指出	5
亦	受	5
亦	能	5
亦	要求	5
亦	增加	5
产业	发展	63
产业	扶贫	24
产业	项目	18
产业	的	14
产业	基础	8
产业	转移	7
产业	融合	7
产业	升级	5
产业	集聚	5
产业	兴旺	5
产业	转型	5
产业链	供应链	12
产业链	的	5
产品	的	44
产品	在	8
产品	和	7
产品	等	6
产品	也	6
产品	进行	5
产生	了	53
产生	的	52
产生	影响	8
产生	起	5
产生	严重	5
产销	对接	6
亨特	的	5
享受	到	20
享受	的	9
享受	着	8
享受	荣华富贵	7
享受	生活	6
享有	的	14
京	召开	7
京报	报道	11
亲	民主	6
亲	北京	5
亲人	的	6
亲切	地	5
亲友	的	5
亲密	的	7
亲爱	的	7
亲自	部署	12
亲自	指挥	11
亲自	到	5
亲身	感受	5
亲近	自然	5
人	的	779
人	都	347
人	在	209
人	死亡	161
人	是	103
人	和	57
人	也	54
人	与	49
人	就	49
人	对	47
人	被	47
人	不	45
人	来说	39
人	说	39
人	表示	34
人	可以	34
人	之间	29
人	感到	26
人	有	25
人	感染	25
人	已	23
人	还	22
人	把	20
人	可能	19
人	接受	19
人	多	18
人	以上	18
人	或	18
人	需要	18
人	没有	17
人	所	17
人	很	17
人	认为	17
人	知道	17
人	了	16
人	正在	15
人	提供	15
人	做	15
人	觉得	15
人	之	14
人与自然	和谐	6
人与自然	的	5
人人	都	26
人人	参与	6
人们	的	91
人们	对	59
人们	在	41
人们	都	19
人们	也	13
人们	看到	9
人们	开始	8
人们	把	6
人们	从	6
人们	不	5
人们	生活	5
人们	对于	5
人们	关注	5
人们	就	5
人体	的	19
人体	试验	6
人力	成本	6
人力资源	和	5
人口	的	40
人口	最多	9
人口	中	7
人口	和	7
人口	密集	7
人口普查	的	12
人口普查	工作	5
人口稠密	的	5
人员	的	54
人员	在	18
人员	进行	18
人员	和	15
人员	流动	12
人员	密集	9
人员	等	8
人员	聚集	8
人员	将	6
人员	时	5
人员	通过	5
人员	排查	5
人员	都	5
人士	的	68
人士	在	23
人士	透露	22
人士	表示	17
人士	或	16
人士	提供	15
人士	说	13
人士	和	12
人士	都	12
人士	指出	9
人士	及	9
人士	认为	8
人士	也	8
人士	於	8
人士	均	8
人士	称	7
人士	有	6
人士	使用	5
人士	需要	5
人士	包括	5
人士	亦	5
人士	可以	5
人大	常委	48
人家	的	15
人家	也	6
人居	环境	23
人心	的	13
人性	的	20
人性化	的	6
人才	的	59
人才	是	16
人才	工作	12
人才	引进	11
人才	发展	8
人才	建设	7
人才	和	7
人才	支撑	6
人才	能	6
人才	活力	5
人才	政策	5
人才	培育	5
人才队伍	建设	13
人数	超过	41
人数	的	12
人数	已	10
人数	超	8
人数	为	7
人数	可能	6
人数	也	6
人文	关怀	5
人格	的	10
人死	於	16
人民	群众	531
人民	的	305
人民	服务	152
人民	为	122
人民	至上	80
人民	对	57
人民	医院	51
人民	利益	39
人民	谋	33
人民	生活	33
人民	和	25
人民	立场	24
人民	是	21
人民	幸福	20
人民	在	19
人民	生命安全	19
人民	共和	17
人民	日益增长	17
人民	健康	15
人民	福祉	15
人民	都	14
人民	生命	13
人民	解放	12
人民	有	12
人民	放在	11
人民	海军	10
人民	赋予	10
人民	进行	9
人民	英雄	9
人民	子弟兵	9
人民	共同	8
人民	创造	8
人民	负责	7
人民	权益	7
人民	抗日	7
人民	群众满意	7
人民	根本利益	7
人民	主体	7
人民	群众利益	7
人民	将	6
人民军队	的	8
人民日报	官方	7
人民满意	的	9
人流	密集	6
人物	的	18
人物	和	5
人生	的	124
人生	中	20
人生	就	11
人生	没有	10
人生	也	9
人生	一世	8
人生	就是	8
人生	是	8
人生	最	8
人生	有	8
人生	路上	7
人生	需要	6
人生	追求	6
人生	境界	6
人生	理想	5
人生	最好	5
人生观	和	8
人类	命运	49
人类	的	45
人类	社会	20
人类	共同	10
人类	在	9
人类	历史	7
人类	对	6
人类	与	5
人类	是	5
人类	健康	5
人群	聚集	27
人群	中	23
人群	的	19
人群	密集	8
人群	在	7
人行道	上	6
人间	的	13
亿	中国	11
亿	人口	11
亿	的	5
亿人	的	5
亿元	的	9
什	麽	6
什么	时候	44
什么	都	43
什么	是	31
什么	的	28
什么	事	27
什么	也	26
什么	呢	24
什么	问题	20
什么	人	12
什么	叫	12
什么	事情	10
什么	东西	7
什么	程度	7
什么	原因	7
什么	关系	7
什么	样子	6
什么	话	6
什么	困难	5
什么	方式	5
什么	才	5
什么	比	5
什么样	的	77
仅	有	38
仅	在	10
仅	是	6
仅仅	是	27
仇恨	犯罪	34
仇恨	事件	5
今	次	30
今	在	18
今后	的	19
今后	一个	11
今后	将	5
今天	的	85
今天	是	21
今天	我们	13
今天	在	9
今天	表示	8
今天	我	7
今天	看到	6
今天	也	5
今年	的	110
今年	是	55
今年	上半年	18
今年	在	18
今年	疫情	13
今年	首	12
今年	秋季	12
今年	全国	11
今年	一月	11
今年	前	8
今年	夏季	8
今年	全球	8
今年	春天	7
今年	首季	7
今年	早些时候	6
今年	二月	6
今年	四月	6
今年	已	6
今年	新冠	6
今年	第三季度	5
今年	第二季度	5
今年	三月份	5
今年	三月	5
今年	有	5
今年	要	5
今年	将	5
今年	五月	5
今年年底	前	6
今日	在	36
今日	下午	29
今日	新增	23
今日	凌晨	21
今日	公布	16
今日	宣布	15
今日	的	15
今日	表示	15
今日	晚上	13
今日	起	11
今日	上午	10
今日	再	8
今日	早上	7
今日	中午	7
今日	出席	6
今日	有	6
今日	油条	5
今日	得悉	5
今日	之	5
今日	到	5
今日	亦	5
今早	在	5
介入	调查	5
介绍	了	25
介绍	说	22
介绍	一下	5
仍	在	200
仍	有	153
仍	未	84
仍	是	58
仍	需	25
仍	需要	24
仍	要	23
仍	可	20
仍	未有	16
仍	将	13
仍	存在	13
仍	保持	12
仍	可能	11
仍	不	11
仍	可以	10
仍	有待	10
仍	未能	9
仍	能	9
仍	处于	8
仍	以	8
仍	被	7
仍	很	6
仍	不能	5
仍	受到	5
仍	令人	5
仍然	是	50
仍然	在	23
仍然	存在	17
仍然	可以	16
仍然	有	13
仍然	没有	8
仍然	需要	7
仍然	要	7
仍然	不	7
仍然	突出	6
仍然	被	5
仍然	能	5
仍然	保持	5
从	中国	41
从	群众	32
从	武汉	29
从	思想	29
从	政治	28
从	自身	21
从	这个	18
从	一个	17
从	一	17
从	实际	15
从	源头	12
从	美国	12
从	他	12
从	最初	12
从	现在	12
从	四面八方	11
从	历史	11
从	人民	11
从	工作	11
从	长沙	10
从	疫情	10
从	站	10
从	中央	10
从	这里	10
从	我	9
从	目前	9
从	基层	9
从	最	9
从	上海	8
从	具体	8
从	上	8
从	全国	8
从	北京	8
从	他们	8
从	没有	8
从	理论	7
从	国外	7
从	以下	7
从	上述	7
从	实践	7
从严	从实	6
从严	管理	6
从严治党	的	27
从严治党	主体	15
从严治党	向	15
从严治党	新	5
从严治党	责任	5
从严治党	永远	5
从中	获得	7
从中	汲取	6
从事	的	6
从前	的	5
从小	就	14
从未	改变	6
从来	没有	45
从来	都	23
从来	就	5
从来不	是	8
从根本上	说	7
从根本上	改变	6
从此	开始	5
从而	使	12
从而	导致	8
从而	让	7
从而	达到	6
从而	为	5
从而	将	5
从而	提高	5
仔细	看	8
仔细	想想	5
他	的	949
他	在	313
他	又	249
他	说	215
他	表示	141
他	是	126
他	也	112
他	指出	83
他	曾	76
他	指	75
他	对	74
他	和	70
他	还	60
他	就	55
他	亦	48
他	不	46
他	有	44
他	认为	40
他	将	40
他	把	38
他	都	37
他	希望	37
他	於	36
他	自己	35
他	相信	34
他	已	31
他	与	30
他	被	29
他	克拉	28
他	没有	28
他	以	26
他	为	26
他	坦言	25
他	用	24
他	去	22
他	从	21
他	要	20
他	可以	20
他	更	20
他	强调	20
他人	的	59
他人	保持	13
他们	的	392
他们	在	87
他们	是	67
他们	都	43
他们	对	35
他们	用	34
他们	就	31
他们	也	28
他们	不	25
他们	还	23
他们	将	23
他们	没有	21
他们	有	20
他们	会	19
他们	说	18
他们	把	17
他们	为	16
他们	被	15
他们	就是	14
他们	以	13
他们	进行	12
他们	认为	12
他们	从	11
他们	更	10
他们	能	10
他们	要	10
他们	可以	9
他们	发现	9
他们	希望	9
他们	提供	8
他们	并	8
他们	已经	8
他们	自己	8
他们	便	7
他们	不仅	7
他们	看到	7
他们	家	7
他们	与	6
他们	可能	6
他们	似乎	6
他国	的	6
他家	的	6
付出	了	33
付出	的	23
付出	巨大	7
付出	和	7
付出	沉重	6
付出	多大	5
代价	的	5
代理	指出	5
代表	的	51
代表	着	24
代表	了	18
代表	人物	11
代表	们	9
代表	在	8
代表	座谈会	6
代表	委员	5
代表	他	5
代表	说	5
代表团	审议	10
代表性	的	9
代表性	不足	7
令	他	37
令	的	18
令	我	18
令	她	17
令	不少	7
令	香港	6
令	市民	6
令	自己	6
令	世界	5
令	大家	5
令	本港	5
令人	感到	14
令人	失望	11
令人	痛心	5
令人	欣喜	5
令人担忧	的	5
以	习近平	126
以	人民	125
以	更	44
以	实际行动	39
以	自己	26
以	防止	24
以	更加	23
以	孝	22
以	其	21
以	涉嫌	21
以	保障	20
以	避免	16
以	不同	16
以	国内	14
以	国家	12
以	在	12
以	保持	12
以	实现	12
以	实干	11
以	对	11
以	自身	11
以	他	11
以	时不我待	11
以	保护	10
以	保证	10
以	帮助	10
以	了解	10
以	一种	10
以	阻止	10
以	最大	10
以	配合	9
以	目前	9
以	提升	9
以	高质量	9
以	推动	9
以	增加	9
以	不	8
以	最	8
以	遏制	8
以	提高	8
以上	的	123
以上	工业	8
以上	干部	7
以上	是	5
以上	人士	5
以下	的	25
以下	简称	19
以下	是	10
以下	几个	6
以下	有期徒刑	5
以为	自己	11
以为	是	10
以便	在	14
以便	能	5
以党	的	11
以前	的	31
以前	在	6
以前	我们	6
以北	的	10
以南	的	7
以及	在	42
以及	其他	36
以及	对	11
以及	他	10
以及	中国	10
以及	政府	9
以及	部分	8
以及	如何	8
以及	所有	8
以及	更	7
以及	一些	7
以及	疫情	7
以及	向	6
以及	全球	6
以及	要求	6
以及	有	6
以及	前	6
以及	新冠	6
以及	使用	5
以及	人民	5
以及	工作	5
以后	的	21
以后	就	9
以后	还有	5
以外	的	66
以外	任何	6
以往	的	22
以往	任何	13
以来	的	38
以来	一直	7
以来	中国	6
以来	最	6
以来	在	5
以此	为	14
以此	来	13
以至	於	7
仪式	上	12
仪式	感	6
们	的	88
们	在	38
们	都	35
们	也	20
们	说	16
们	一起	15
们	认为	15
们	对	13
们	还	13
们	纷纷	10
们	将	10
们	和	10
们	指出	9
们	要	9
们	一直	7
们	从	6
们	正在	6
们	表示	6
们	致敬	6
们	进行	6
们	提供	6
们	就	6
们	用	6
们	不	6
们	有	5
们	学习	5
们	便	5
们	发现	5
们	称	5
仰望	星空	8
件	事	8
件	件	5
价值	的	37
价值	追求	21
价值	取向	14
价值	和	7
价值	理念	7
价值	导向	5
价值	指向	5
价值观	的	19
价格	也	8
价格	在	5
任	的	15
任	你	10
任何	时候	42
任何	一个	26
任何	地方	19
任何	的	17
任何	情况	14
任何	形式	12
任何	其他	12
任何	事情	9
任何	人士	9
任何	国家	8
任何	东西	8
任何	外部	7
任何	问题	7
任何	在	7
任何	方式	6
任何	工作	6
任何	作用	5
任何	新	5
任何人	都	23
任何人	的	7
任何人	在	6
任务	的	51
任务	是	15
任务	重	13
任务	和	12
任务	落实	12
任务	后	11
任务	中	11
任务	繁重	10
任务	时	9
任务	就是	8
任务	依然	6
任务	来	6
任务	清单	6
任务	完成	5
任务	等	5
任命	为	8
任期	的	5
仿佛	在	5
仿佛	都	5
企业	的	67
企业	复工	49
企业	和	47
企业	在	24
企业	发展	17
企业	提供	15
企业	生产	12
企业	将	10
企业	都	8
企业	是	8
企业	从	7
企业	用工	7
企业	实现	7
企业	服务	7
企业	要	6
企业	融资	6
企业	进行	6
企业	对	5
企业	纷纷	5
企业	也	5
企业	开展	5
企业	可	5
企业	有	5
企业	与	5
企业	经营	5
企业	已	5
企业家	队伍	10
企图	将	5
伊朗	的	20
伊朗	革命	5
休息	了	10
休息	的	5
休斯敦	总领馆	5
休闲	娱乐	5
众多	的	13
众多	网友	5
众志成城	的	7
众志成城	抗击	6
优先	考虑	9
优先	保障	5
优先	安排	5
优势	和	21
优势	兵力	12
优势	的	11
优势	是	10
优势	转化	9
优势	产业链	6
优化	经济	6
优化	升级	5
优秀	的	74
优秀	传统	37
优秀	共产党员	28
优秀	年轻干部	15
优秀	文化	6
优秀	公务员	5
优秀党员	干部	5
优美	的	8
优良	的	17
优良	品质	5
优质	的	15
优质	农产品	9
优雅	的	5
会	有	155
会	在	88
会	让	77
会	被	67
会	出现	54
会	对	46
会	是	35
会	导致	34
会	影响	34
会	给	34
会	把	30
会	产生	29
会	发现	28
会	不会	27
会	成为	24
会	变得	23
会	遇到	22
会	更	22
会	受到	21
会	更加	21
会	得到	21
会	使	21
会	越来越	20
会	造成	19
会	发生	18
会	说	16
会	觉得	16
会	因为	14
会	将	12
会	非常	12
会	带来	12
会	的	12
会	看到	12
会	选择	12
会	很	11
会	和	11
会	越	10
会	更好	10
会	一直	9
会	为	9
会师	后	5
会师	的	5
会见	了	6
会议	上	51
会议	的	17
会议	强调	14
会议	精神	8
会议	审议	7
会议	和	7
会议	指出	6
会议	在	5
会议	要求	5
伟大	复兴	211
伟大	的	118
伟大	实践	24
伟大	斗争	19
伟大	梦想	12
伟大	征程	8
伟大	目标	8
伟大	飞跃	7
伟大	社会	6
伟大	民族	6
伟大	历史	5
伟大	时代	5
伟大	精神	5
传奇	的	5
传承	红色	10
传承	好	7
传承	和	6
传播	的	37
传播	途径	14
传播	病毒	9
传播	到	7
传播	和	5
传染	的	8
传染性	疾病	7
传染病	专家	13
传统	文化	82
传统	的	52
传统	和	8
传统	教育	5
传说	中	8
传达	学习	7
传达	了	5
传递	到	11
传递	出	9
传递	了	8
传递	着	8
传递	的	5
传递	给	5
伤害	了	8
伤害	的	8
估计	是	6
伴随	着	17
伸出	援手	8
似乎	是	34
似乎	也	14
似乎	都	13
似乎	在	10
似乎	并	9
似乎	已经	7
似乎	已	7
似乎	有	7
似乎	没有	6
似乎	不	5
但	在	231
但	他	219
但	也	135
但	我	97
但	仍	83
但	这	64
但	有	58
但	她	57
但	由	57
但	如果	55
但	不	55
但	我们	53
但	他们	37
但	它	36
但	疫情	35
但	因	33
但	却	32
但	目前	31
但	都	30
但	没有	30
但	由于	29
但	就	29
但	其	29
但	这些	28
但	不能	26
但	从	25
但	相信	25
但	又	24
但	要	23
但	对	22
但	现在	22
但	卻	22
但	到	21
但	这种	19
但	并	19
但	今年	19
但	中国	19
但	你	18
但	还是	18
但	对于	17
但是	在	40
但是	我们	26
但是	他	24
但是	我	20
但是	也	15
但是	如果	11
但是	他们	10
但是	不	9
但是	对于	8
但是	你	8
但是	要	7
但是	当	7
但是	由于	7
但是	现在	7
但是	它	6
但是	这个	6
但是	到	6
但是	这	6
但是	她	5
但是	由	5
但是	不能	5
位	於	163
位	的	10
位置	的	8
位置	上	5
低	於	61
低	的	45
低	至	14
低	风险	13
低下	的	5
低估	了	7
低密度	住宅	5
低收入	家庭	13
低收入	的	5
低调	的	5
住	在	120
住	了	29
住	的	24
住	疫情	11
住	着	10
住	得	6
住	上	6
住	湘	5
住宅	的	5
住宅	和	5
住宿	的	5
住房	等	5
住房	公司	5
住房	公积金	5
住院	患者	15
住院	的	15
住院	病例	5
住院	率	5
体会	到	17
体内	的	9
体制	机制	44
体温	检测	18
体温	测量	8
体温	监测	7
体现	了	66
体现	在	54
体现	出	21
体现	到	15
体现	的	15
体现	着	14
体现	群众	5
体现	出来	5
体系	和	66
体系	的	30
体系	建设	17
体系	中	16
体育	活动	7
体验	的	11
体验	者	9
体验	到	5
何	雪松	7
何尝	不是	7
余年	的	7
作	了	39
作	斗争	20
作	表率	16
作	的	15
作	人	10
作	报告	5
作	决策	5
作为	一名	80
作为	的	60
作为	一个	37
作为	新	26
作为	党员干部	24
作为	自己	20
作为	当前	20
作为	一种	20
作为	基层	19
作为	党	18
作为	重要	14
作为	中国	13
作为	党员	12
作为	工作	12
作为	基层干部	11
作为	年轻干部	10
作为	一款	10
作为	第一	10
作为	最	8
作为	一项	8
作为	我们	8
作为	纪检监察	8
作为	奋斗目标	8
作为	国家	7
作为	全球	7
作为	检验	7
作为	根本	7
作为	评价	7
作为	重点	6
作为	世界	6
作为	领导	6
作为	脱贫	6
作为	和	5
作为	政府	5
作为	社区	5
作为	老师	5
作为	加强	5
作为	培养	5
作为	等	5
作品	中	15
作品	的	14
作品	在	5
作战	的	17
作战	中	15
作战	计划	10
作战	行动	7
作战	能力	6
作战	任务	6
作战	方针	6
作战	时	5
作用	的	22
作用	是	12
作用	于	5
作用	发挥	5
作者	是	7
作者	的	5
作风	建设	56
作风	问题	23
作风	保证	19
作风	的	11
作风	和	9
作风	是	5
作风	不	5
你	的	378
你	就	81
你	是	72
你	在	51
你	不	43
你	有	42
你	要	41
你	会	39
你	可以	37
你	自己	37
你	也	34
你	看	34
你	说	31
你	能	30
你	想	29
你	还	27
你	我	26
你	去	24
你	怎么	21
你	和	19
你	对	19
你	知道	18
你	给	18
你	把	17
你	都	16
你	来	13
你	这个	13
你	可能	13
你	是否	12
你	喜欢	12
你	就是	12
你	一定	12
你	不能	12
你	觉得	11
你	应该	11
你	再	11
你	真的	11
你	得	11
你	看到	10
你	以为	10
你们	的	52
你们	都	17
你们	是	11
你们	也	7
你们	在	7
你们	辛苦	6
你们	这些	5
你们	致敬	5
佩戴	口罩	111
佩戴	医用	5
佩服	他	5
使	其	47
使	我们	26
使	他	24
使	之	21
使	我	20
使	自己	18
使	他们	12
使	中国	10
使	它	8
使	人	7
使	学生	6
使	人民	6
使	你	6
使	人们	5
使	她	5
使	这些	5
使命	的	32
使命	担当	21
使命	在	15
使命	是	12
使命	和	11
使命感	和	5
使得	我们	5
使用	的	106
使用	了	29
使用	武力	14
使用	呼吸	12
使用	时	9
使用	和	7
使用	中	7
使用	胡椒	7
使用	等	5
使用	起来	5
使用	致命	5
使用	美国	5
使用	微信	5
使用	该	5
使用者	的	8
例	死亡	22
例	确诊	19
例	示威	15
例	病例	6
例	的	5
例如	在	13
例行	记者会	5
侗族	自治县	7
供	不	11
供应	的	7
供应	不足	5
供应商	的	5
供应链	的	8
供给	侧	20
依托	的	6
依据	的	5
依旧	是	9
依次	为	5
依法	履行	6
依法	防控	5
依法	执政	5
依法	进行	5
依法治国	的	7
依法治国	是	5
依然	严峻	22
依然	是	20
依然	存在	19
依然	在	14
依然	有	9
依然	会	8
依然	艰巨	6
依然	还是	6
依然	没有	6
依然	需要	5
依然	要	5
依然	不能	5
依纪	依法	16
依赖	中国	7
依靠	的	8
依靠	自己	6
依靠人民	群众	10
侧	结构性	13
侵华	战争	6
侵权	责任	5
侵犯	了	8
侵犯	人权	7
侵略	中国	6
侵略	的	5
侵略者	的	6
便	可	41
便	有	30
便	在	18
便	能	17
便	可以	14
便	将	12
便	开始	11
便	向	9
便	要	8
便	被	8
便	以	6
便	从	6
便	不	6
便	已	5
便	拿	5
便	把	5
便	去	5
便利	的	9
便宜	的	7
便捷	的	5
促	脱贫	8
促	消费	5
促成	了	5
促进	完善	23
促进	了	17
促进	社会	14
促进	消费	10
促进	经济	8
促进	发展	7
促进	经济社会	6
俄罗斯	的	10
俄罗斯	人	6
俄罗斯	和	5
俘虏	的	5
保	民生	7
保住	了	7
保卫战	的	5
保存	完好	8
保存	自己	5
保守	的	5
保守派	的	8
保安	公司	6
保家卫国	的	5
保护	的	20
保护	好	19
保护	和	17
保护	人民	16
保护	自己	14
保护	生态环境	10
保护	他们	5
保护	我们	5
保护	与	5
保护	了	5
保持	社交	141
保持	高度一致	39
保持	在	36
保持	了	18
保持	安全	15
保持	着	15
保持	清醒	15
保持	高度	14
保持	一定	14
保持	密切	13
保持	六	12
保持	定力	12
保持	战略	10
保持	政治	10
保持	健康	9
保持	距离	8
保持	同	8
保持	社会	8
保持	与	7
保持	人	7
保持	至少	7
保持	不变	7
保持	和	6
保持	对	5
保持	攻坚	5
保持	一份	5
保持	一颗	5
保留	了	10
保留	在	6
保留	着	5
保证	了	16
保证	的	14
保证	在	5
保证	人民	5
保险	的	5
保障	执行	24
保障	人民	21
保障	工作	21
保障	的	19
保障	和	17
保障	了	12
保障	等	11
保障	措施	9
保障	脱贫	8
保障	市民	8
保障	能力	5
保障	香港	5
保障	民生	5
保障	自身	5
保障	好	5
信	的	5
信仰	的	18
信仰	坚定	5
信仰	和	5
信任	和	13
信任	的	12
信任	与	5
信心	和	22
信心	的	13
信念	坚定	13
信念	和	9
信念	与	7
信念	的	5
信息	的	44
信息	和	12
信息	共享	9
信息	不	7
信息	等	6
信息	显示	6
信息	发布	6
信息	服务	6
信息	平台	6
信息	收集	5
信息技术	应用	7
信访	举报	10
信赖	的	7
信赖	和	6
俩	人	7
修建	了	15
修建	的	7
修订	了	6
俯下	身子	8
俯冲	下来	5
俱乐部	的	5
俺	答	6
倒	是	31
倒	在	25
倒	了	6
倒下	的	5
倒车	影像	7
候选人	的	5
借	了	6
借款	合同	6
借鉴	了	5
借鉴	的	5
倡导	的	6
值得	我们	32
值得	肯定	13
值得	的	12
值得	期待	11
值得	关注	7
值得	被	5
值得	学习	5
值得注意	的	33
值班	值守	8
倾向	于	9
倾向性	问题	7
倾听	群众	12
倾听	他们	5
假	的	26
假如	你	6
假期	的	9
偌大	的	7
偏	大	5
偏离	了	8
偏见	的	5
偏远	的	10
做	的	244
做	了	193
做	得	73
做	什么	50
做	一个	36
做	不到	28
做	一些	21
做	贡献	20
做	细	18
做	为	17
做	过	15
做	自己	15
做	准备	15
做	完	14
做	大	13
做	实事	13
做	工作	13
做	一次	13
做	着	12
做	深	11
做	足	11
做	新	10
做	表面文章	10
做	政治	10
做	强	9
做	表率	9
做	起来	8
做	一件	7
做	群众	7
做	一名	7
做	不好	7
做	病毒	6
做	唔	6
做	善事	6
做	核酸	6
做	决定	6
做	任何	6
做	人民	6
做	有	6
做	呢	6
做事	的	24
做些	什么	5
做人	的	15
做人	做事	12
做人	要	7
做出	了	65
做出	的	31
做出	不	7
做出	更大	5
做到	了	32
做到	的	23
做到	精准	12
做到	这	10
做到	不	10
做到	守土有责	10
做到	位	9
做到	在	8
做到	心中有数	7
做到	思想	7
做到	为	6
做到	心中	6
做到	自觉	5
做到	哪里	5
做好	疫情	52
做好	自己	27
做好	了	20
做好	各项	17
做好	准备	17
做好	工作	17
做好	本职工作	15
做好	新	14
做好	防疫	14
做好	群众	13
做好	防护	13
做好	每一件	9
做好	脱贫	9
做好	表率	8
做好	个人	7
做好	常态	7
做好	较长时间	6
做好	防控	6
做好	服务	6
做好	高校	6
做好	基层工作	5
做好	统筹	5
做好	的	5
做好	宣传	5
做成	的	10
做法	是	21
做法	值得	5
做起	而行	5
做过	的	5
停	在	19
停	了	16
停下	脚步	5
停止	了	10
停止	所有	5
停止	在	5
停泊	在	19
停泊	於	6
停泊	的	5
停留	在	24
停课	不停	10
健	委	16
健全	完善	11
健全	的	10
健全	和	6
健康	的	98
健康	安全	62
健康	和	35
健康	发展	33
健康	码	23
健康	管理	11
健康	家园	10
健康	委	8
健康	中心	8
健康	问题	8
健康	委员会	7
健康	生活	7
健康	文明	7
健康	等	6
健康	及	6
健康	包	5
健康	福祉	5
健康	是	5
健康	良好	5
健康	向上	5
健康	有	5
健康成长	的	5
健身	中心	19
健身	室	11
健身房	和	6
偶尔	也	7
偶然	的	9
偶然	发现	5
傅作义	的	9
傍晚	时分	8
储备	和	6
储物	空间	19
储物	槽	18
催生	了	8
像	我	22
像	个	20
像	我们	13
像	其他	10
像	一个	10
像	这样	9
像	以前	8
像	你	8
像	中国	6
像	他	6
像	一条	6
像	极了	5
像	在	5
像是	一个	6
像样	的	6
僭	建	5
儿女	的	5
儿子	的	18
儿子	说	5
儿子	在	5
儿童	的	16
儿童	合唱团	10
允许	在	6
允许	的	6
允许	员工	5
元	的	74
元	人民	12
元	左右	8
元	以上	7
元	不	6
元	或	6
元	钱	5
元	招租	5
元素	的	6
兄弟	们	8
充分	的	37
充分	彰显	21
充分	展现	15
充分	了解	14
充分	激发	12
充分	问题	9
充分	感受	7
充分	理解	6
充分	挖掘	6
充分	保障	6
充分	展示	6
充分体现	了	19
充分发挥	监督	10
充分发挥	基层	10
充分发挥	了	6
充分发挥	战斗	6
充分发挥	作用	6
充分发挥	党员	5
充分发挥	好	5
充分肯定	了	8
充分认识	到	7
充分调动	广大党员	5
充实	自己	7
充实	的	5
充斥	着	13
充满	了	37
充满	着	16
充满	激情	7
充电	的	7
充足	的	33
兆	焯	5
先	把	13
先	在	10
先	学会	10
先	用	7
先	上	7
先	从	7
先	去	5
先	向	5
先	要	5
先	将	5
先	做	5
先到	先得	10
先前	的	9
先后	在	6
先后	为	5
先后	参加	5
先后	有	5
先后	担任	5
先天	之道	5
先生	的	22
先生	说	7
先生	表示	5
先生	是	5
先辈	的	9
先进	的	34
先进	制造业	11
先进	工作者	8
先进	文化	6
先进	技术	6
先进	思想	6
先进	基层	5
先进性	和	19
先锋	模范作用	51
先锋	模范	9
先锋	作	6
先锋	的	5
光明	的	7
光滑	的	5
光盘	行动	24
光芒	能量	5
光荣	的	20
光辉	的	9
克服	了	10
克服	疫情	8
克服	形式主义	6
克服	重大	5
免受	感染	6
免疫力	的	9
免费	的	12
免费	提供	7
党	的	920
党	对	33
党	在	30
党	领导	19
党	和	18
党	建设	14
党	是	14
党	忠诚	13
党	与	11
党	始终	11
党	就	9
党	带领	7
党	面临	7
党	坚持	6
党	为	6
党	把	6
党	之所以	5
党	治国	5
党	团结	5
党中央	决策	62
党中央	的	48
党中央	保持	40
党中央	权威	18
党中央	坚强	16
党中央	和	15
党中央	对	14
党中央	关于	14
党中央	周围	13
党中央	高度重视	12
党中央	重大	10
党中央	向	9
党中央	各项	9
党中央	提出	7
党中央	把	7
党中央	集中统一	6
党中央	坚持	6
党中央	看齐	6
党中央	部署	6
党中央	决定	5
党中央	要求	5
党中央	在	5
党中央	始终	5
党中央	领导	5
党内	政治	39
党内	监督	18
党内	法规	14
党内	民主	13
党内	生活	9
党内	的	5
党务	干部	6
党员	的	61
党员	领导	33
党员	教育	17
党员	和	17
党员	先锋	15
党员	都	15
党员	群众	15
党员	要	14
党员	在	9
党员	就是	8
党员	身份	6
党员	我	6
党员	是	6
党员	当	5
党员干部	要	123
党员干部	的	102
党员干部	必须	19
党员干部	在	18
党员干部	是	18
党员干部	都	9
党员干部	也	8
党员干部	干事	8
党员干部	只有	8
党员干部	更要	8
党员干部	思想	7
党员干部	来说	7
党员干部	应	6
党员干部	进行	6
党员干部	队伍	5
党员干部	尤其	5
党员干部	作为	5
党员干部	学习	5
党和人民	的	35
党和人民	事业	16
党和人民	赋予	16
党和国家	事业	33
党和国家	的	30
党和国家	各项事业	10
党和国家	监督	8
党和国家	工作	6
党和政府	的	18
党工委	书记	9
党建	工作	73
党建	引领	17
党建	促	13
党建	与	9
党建	的	8
党建	为	5
党性	教育	14
党性	锻炼	11
党性	的	8
党总支	书记	12
党支部	书记	16
党支部	的	7
党政	主要	7
党政领导	干部	7
党旗	在	14
党旗	始终	7
党的基本	理论	7
党的建设	的	24
党的建设	质量	5
党的建设	总	5
党的建设	新	5
党的建设	和	5
党的性质	宗旨	5
党的方针	政策	8
党的路线	方针政策	20
党的领导	是	10
党的领导	和	10
党的领导	制度	7
党的领导	下	6
党章	党规	25
党章	和	7
党纪	党规	7
党纪	的	5
党纪	和	5
党纪	法规	5
党组织	和	58
党组织	的	55
党组织	要	31
党组织	建设	25
党组织	书记	21
党组织	队伍	17
党组织	战斗	11
党组织	是	10
党组织	在	9
党组织	坚强有力	7
党组织	政治	6
党组织	领导	6
党组织	工作	6
党组织	发挥	5
党群	服务中心	8
党规	党纪	18
党风廉政	建设	45
兜底	保障	11
入	城	5
入主	白宫	6
入住	酒店	7
入住	的	6
入侵	的	7
入党	积极分子	12
入党	誓词	9
入党	时	5
入境	的	23
入境	人士	15
入境	人员	10
入境	旅客	7
入境	香港	5
入境	前	5
入户	走访	5
入脑	入心	5
入院	接受	13
入院	病人	5
全	社会	100
全	覆盖	52
全	中国	11
全	被	11
全	加州	11
全	产业链	10
全	媒体	10
全	流程	9
全	民族	9
全世界	都	21
全世界	的	20
全世界	范围	5
全世界	最	5
全书	喜	6
全会	上	9
全会	提出	8
全会	工作	6
全会精神	的	6
全体	党员	18
全体	党员干部	14
全体	人民	12
全体	中国	9
全体	员工	5
全体	干部	5
全党	的	9
全党	全	6
全党全国	各族人民	7
全力	做好	21
全力	保障	13
全力	配合	8
全力	支援	5
全力	推进	5
全国	人民	82
全国	各地	65
全国	各族人民	33
全国	范围	28
全国	的	25
全国	两会	23
全国	抗击	17
全国	人大代表	16
全国	累计	15
全国	疫情	14
全国	优秀	12
全国	率先	8
全国	都	7
全国	前列	6
全国	劳动模范	6
全国	文明城市	6
全国	复工	5
全国	各	5
全国	抗战	5
全国人大	三次	13
全国性	的	6
全国政协	委员	11
全家	的	6
全家	都	6
全局	的	15
全局	中	7
全局	和	6
全州	居家	5
全州	的	5
全市	的	9
全年	目标	7
全心全意	为	72
全新	的	56
全新	一代	11
全方位	的	21
全景	天窗	9
全景	影像	6
全民	造星	7
全民	公投	5
全民	的	5
全港	市民	10
全球	的	32
全球	疫情	31
全球	新冠	25
全球	大	23
全球	经济	23
全球	最大	20
全球	范围	18
全球	累计	15
全球	各地	12
全球	蔓延	11
全球	公共卫生	11
全球	产业链	7
全球	第	6
全球	死亡	6
全球	变暖	6
全球	市场	6
全球	感染	6
全球	金融	6
全球	第一	6
全球	肆虐	6
全球	有	5
全球	科技	5
全球	第二	5
全球	最	5
全球	健康	5
全球	治理	5
全球	都	5
全球化	的	7
全球性	的	8
全省	各级	22
全省	上下	11
全省	疫情	10
全省	人民	7
全省	公安机关	5
全程	戴	8
全程	监督	5
全系	标配	5
全美	各地	15
全美	最大	8
全美	第一	6
全美	的	5
全胜	决不	16
全身	的	5
全身心	投入	9
全过程	和	6
全过程	各	6
全部	脱贫	27
全部	是	15
全部	的	13
全部	被	9
全部	都	9
全部	工作	8
全部	完成	6
全部	摘帽	6
全部	人	5
全部	精力	5
全部	在	5
全都	是	6
全面	建成	237
全面	从严治党	132
全面	建设	96
全面	小康	72
全面	的	41
全面	领导	32
全面	推进	28
全面	胜利	28
全面	深化改革	24
全面	加强	24
全面	依法治国	18
全面	提升	18
全面	脱贫	17
全面	发展	17
全面	小康社会	15
全面	贯彻	15
全面	消毒	10
全面	恢复	9
全面	动员	8
全面	部署	8
全面	复工	8
全面	恢	8
全面	地	7
全面	展示	7
全面	系统	7
全面	开展	7
全面	收官	7
全面	了解	7
全面	打赢	6
全面	贯彻落实	6
全面	覆盖	6
全面	振兴	6
全面	深入	5
全面	掌握	5
全面	准确	5
八一	南昌起义	5
八年	的	7
八路军	的	13
八路军	驻	11
八项	规定	48
公主	的	8
公主	号	8
公众	号	44
公众	的	19
公众	对	8
公众	人物	5
公共	交通工具	17
公共	文化	11
公共	巴士	9
公共	卫生署	7
公共	卫生部门	7
公共	就业	6
公共	品牌	6
公共	健康	6
公共	管理	5
公共	屋	5
公共卫生	事件	31
公共卫生	救治	9
公共卫生	体系	7
公共卫生	安全	7
公共卫生	专家	6
公共卫生	官员	6
公共卫生	官	6
公共卫生	危机	5
公共卫生	应急	5
公共安全	的	5
公务	接待	7
公务员	的	8
公务员	队伍	6
公司	的	161
公司	在	50
公司	表示	31
公司	和	22
公司	都	12
公司	有	12
公司	也	11
公司	已	11
公司	企业	11
公司	董事	10
公司	是	10
公司	向	9
公司	提供	9
公司	对	8
公司	还	8
公司	将	8
公司	推出	7
公司	首席	7
公司	宣布	7
公司	与	7
公司	可能	7
公司	高管	6
公司	目前	6
公司	内部	6
公司	主席	6
公司	之一	6
公司	安排	6
公司	等	6
公司	工作	6
公司	又	6
公司	於	6
公司	旗下	5
公司	已经	5
公司	进行	5
公司	因	5
公司	及	5
公告	的	5
公园	的	6
公园	和	5
公园	里	5
公家	的	5
公布	的	82
公布	了	36
公布	最新	10
公布	截至	9
公布	新	5
公平	的	20
公平	公正	14
公平	分配	7
公平正义	的	10
公开	的	18
公开	表示	6
公开	透明	6
公开	呼吁	5
公正	的	13
公民	的	24
公民	身份	7
公民	和	7
公民	都	6
公民	个人信息	6
公益	岗位	5
公职人员	的	6
公认	的	12
公路	巡警	13
公道	正派	13
公里	的	24
公里	外	8
六	军团	12
六个	核桃	7
兰州	人	5
共	赢	15
共	的	13
共	拘捕	11
共	收到	8
共	报告	8
共	逾	7
共	收治	5
共	抓	5
共事	的	5
共产主义	的	13
共产主义	远大理想	8
共产主义	事业	8
共产主义	理想	5
共产主义	作为	5
共产党	的	25
共产党人	的	66
共产党人	精神	6
共产党员	的	44
共产党员	要	6
共产党员	是	5
共产党员	都	5
共享	的	14
共享	单车	7
共享	发展	6
共同	的	40
共同	发展	14
共同	维护	12
共同	参与	11
共同	开放	8
共同	应对	8
共同	研究	7
共同	合作	6
共同	为	6
共同	挑战	5
共同	抗日	5
共同	推进	5
共同	见证	5
共同体	的	13
共同体	理念	11
共同努力	下	15
共同理想	的	5
共和党	的	7
共和党	参议员	6
共和国	的	8
共和国	勋章	5
共建	共治	7
共建	共享	6
共治	共享	7
共识	是	5
关	在	9
关	了	5
关乎	国家	6
关乎	着	5
关于	制定	16
关于	持续	12
关于	全面	10
关于	改进	9
关于	进一步	9
关于	疫情	9
关于	新型	6
关于	脱贫	6
关于	如何	6
关于	扶贫	5
关于	在	5
关于	解决	5
关于	中国	5
关于	加强	5
关于	病毒	5
关切	的	6
关口	前移	7
关心	的	35
关心	关爱	16
关心	和	11
关心	最	9
关心	爱护	8
关心	关注	5
关心	你	5
关怀	和	6
关押	的	5
关注	的	57
关注	和	17
关注	着	7
关注	了	5
关爱	和	6
关系	的	40
关系	到	35
关系	着	9
关系	是	8
关系	上	7
关系	也	6
关系	党和国家	6
关系	基本准则	5
关系	中	5
关系	人民	5
关联	的	6
关进	制度	11
关键	是	36
关键	在	29
关键	的	28
关键	少数	25
关键	阶段	20
关键	岗位	19
关键	核心技术	14
关键	时候	11
关键	要	11
关键	看	8
关键	节点	8
关键	一招	7
关键	还是	5
关键	领域	5
关键	之	5
关键	就	5
关闭	了	19
关闭	的	10
关闭	学校	5
兴奋	地	5
兴盛	优选	8
兴起	的	5
兵力	部署	9
兵团	司令员	7
兵团	级	6
兵工厂	的	5
其	在	46
其	家人	17
其	作为	12
其	对	11
其	与	11
其	公司	11
其	所	11
其	进行	10
其	主要	10
其	社交	9
其	工作	8
其	目的	8
其	行为	7
其	住所	7
其	职务	7
其	成为	7
其	能够	6
其	父母	6
其	影响	6
其	背后	6
其	政府	6
其	的	6
其	身上	6
其	自身	6
其	被	5
其	发展	5
其	父亲	5
其	宗旨	5
其	真实	5
其	将	5
其	提供	5
其	是	5
其	丈夫	5
其	带来	5
其	身份	5
其中	包括	97
其中	的	66
其中	有	60
其中	一名	51
其中	一人	28
其中	之一	17
其中	一个	16
其中	一位	14
其中	大部分	10
其中	在	10
其中	最	9
其中	就	8
其中	一些	7
其中	不乏	7
其中	以	6
其中	一	6
其中	一项	5
其中	有人	5
其他	国家	65
其他	地方	44
其他	的	42
其他	地区	21
其他	城市	15
其他	任何	11
其他	疾病	11
其他	原因	10
其他	州	9
其他	一些	9
其他	措施	9
其他	方式	8
其他	同事	8
其他	因素	7
其他	公共	7
其他	主要	7
其他	族裔	7
其他	部分	6
其他	人士	6
其他	病人	6
其他	在	6
其他	所有	6
其他	公司	5
其他	家庭	5
其他	患者	5
其他	领域	5
其他	方面	5
其他	都	5
其他人	的	9
其他人	都	6
其位	於	6
其实	是	42
其实	就是	30
其实	我	16
其实	也	15
其实	并	12
其实	很	9
其实	在	7
其实	都	6
其次	是	26
其次	要	8
具体	的	46
具体	工作	18
具体	问题	14
具体	到	11
具体	体现	10
具体	行动	8
具体	事	7
具体	实践	7
具体	部署	5
具体	地	5
具备	的	19
具备	了	9
具有	重要	27
具有	一定	11
具有	的	10
具有	重大意义	9
具有	重大	7
具有	传染性	6
具有	里程碑	6
具有	鲜明	5
具有	明显	5
具有	十分	5
具有	高度	5
具有	核心	5
典型	的	38
典型	案例	23
典型	问题	6
典型	事迹	5
养	了	10
养成	了	8
养成	节约	5
养殖	的	8
养殖	基地	6
养殖	过程	5
养活	自己	5
养老	机构	6
养老院	的	5
兼	行政	13
兼	首席	12
兼	政委	6
兼	政治委员	5
内	的	89
内	防扩散	14
内	进行	9
内	完成	8
内	就	7
内	心里	5
内在	要求	8
内在	的	5
内容	的	21
内容	是	9
内容	和	8
内容	包括	5
内容	与	5
内心	的	30
内涵	和	8
内涵	的	5
内生	动力	24
内蒙古	代表团	9
内部	的	23
内部	管理	5
内饰	方面	7
内饰	也	5
冇	乜	6
再	加上	69
再	到	69
再	多	69
再	一次	26
再	做	24
再	去	23
再	好	16
再	不	14
再	看	14
再	被	13
再	来	12
再	向	12
再	把	10
再	由	9
再	比如	9
再	走	9
再	将	8
再	进行	8
再	从	8
再	以	8
再	在	7
再	学会	7
再	上	7
再	给	6
再	新增	6
再	出发	6
再	等	6
再	增加	6
再	后来	6
再	看看	6
再	没有	6
再	加	5
再	远	5
再	高	5
再	教育	5
再	动员	5
再	要求	5
再	正常	5
再	无	5
再	跟	5
再也	没有	8
再有	一名	7
再次	向	7
再次	强调	7
再次	提醒	6
冒	着	40
冒	著	9
写	了	34
写	的	34
写	着	32
写	在	24
写	得	15
写	好	12
写	出来	8
写	到	7
写	就	5
写	有	5
写下	了	13
写作	的	7
写出	了	12
写满	了	5
军	军长	23
军	的	23
军	第	14
军	第一	7
军	和	6
军事	上	14
军事	委员会	5
军事	指挥	5
军人	的	10
军分区	司令员	6
军区	司令员	11
军团	的	5
军民	融合	6
军长	的	5
军队	的	39
军队	在	7
农业	农村	41
农业	生产	22
农业	发展	11
农业	博览会	10
农业	现代化	8
农业	科技	6
农业	基础	6
农业	保险	5
农业	的	5
农业	产业化	5
农产品	的	9
农产品	销售	7
农博会	上	6
农历	新年	6
农场	的	6
农场	和	5
农机	装备	5
农村	的	35
农村	人居	16
农村	贫困人口	16
农村	发展	13
农村	工作	11
农村	厅	9
农村	低保	7
农村	人口	6
农村	电商	6
农村	地区	5
农村	现代化	5
农村	改革	5
农村基层	党组织	7
农民	的	18
农民	群众	13
农民	增收	7
农民	运动	6
农民	家庭	5
农民	在	5
农民	和	5
农耕	文化	9
农耕	文明	5
冠	肺炎	12
冠状	肺炎	8
冠状病毒	感染	102
冠状病毒	的	47
冠状病毒	肺炎	30
冠状病毒	疫情	24
冠状病毒	病例	14
冠状病毒	大	12
冠状病毒	核酸	7
冠状病毒	检测	7
冠状病毒	暴发	6
冬天	的	12
冬季	的	5
冬日	的	6
冲	在	28
冲	到	8
冲	进	6
冲击	的	7
冲击	和	6
冲刺	阶段	9
冲突	的	7
冲锋	在	10
冲锋	的	8
决不	收兵	17
决不	是	7
决定	了	27
决定	的	17
决定	着	14
决定	将	11
决定	对	8
决定	在	8
决定	把	7
决定	是	7
决定	让	5
决定性	的	11
决定性	成就	9
决定性	成果	6
决定性	作用	6
决定性	胜利	5
决心	和	19
决战	决胜	78
决战	脱贫	75
决战	的	6
决策	部署	170
决策	的	9
决策	和	5
决胜	全面	105
决胜	脱贫	42
决胜	的	19
决胜	之	17
决胜	阶段	5
冷	卻	7
冷	的	5
冷战	思维	6
冷清	的	5
冷链	食品	10
净化	政治	6
准备	了	24
准备	好	23
准备	工作	18
准备	的	15
准备	和	11
准备	在	9
准确	把握	30
准确	的	15
准确	地	13
准确	掌握	7
凌晨	在	15
凌晨	起	6
减少	了	28
减少	到	7
减少	外出	6
减少	的	6
减少	不必要	6
减少	人员	5
减税	降费	8
减负	的	9
减负	年	6
减轻	了	6
减轻	基层	5
凛冽	的	6
凝聚	起	23
凝聚	群众	15
凝聚	力量	9
凝聚	了	9
凝聚	着	6
凝聚	共识	6
凝聚	人心	6
凝聚力	和	12
几个	月	49
几个	人	14
几个	小时	12
几个	方面	6
几个	字	6
几乎	没有	34
几乎	是	15
几乎	所有	13
几乎	都	13
几乎	不	8
几分钟	后	5
几十年	来	12
几十年	的	11
几十年	前	7
几千年	的	7
几千年	来	5
几天	后	14
几天	的	6
几天	之后	6
几天	前	5
几天	时间	5
几年	前	11
几年	的	8
几年	来	7
几年	后	6
几年	里	5
凭	什么	9
凶恶	的	7
凸显	了	9
出	了	142
出	的	72
出	於	22
出	一个	14
出	生于	11
出	中国	11
出	问题	11
出	自己	11
出	一份	9
出	一条	7
出	不同	6
出	大量	6
出	更	6
出	成效	6
出	列	6
出	新型	5
出	主意	5
出	在	5
出	他	5
出	一分	5
出了名	的	5
出于	对	8
出去	了	10
出去	的	5
出去	打工	5
出发	的	15
出发	了	7
出发点	和	23
出口	的	10
出口	到	7
出口	管制	5
出台	了	22
出台	的	19
出台	政策	5
出名	的	10
出售	的	5
出国	作战	5
出土	的	8
出席	的	10
出席	了	9
出手	的	8
出新	的	9
出新	时代	6
出新	冠	5
出来	的	155
出来	了	23
出版	的	25
出现	了	132
出现	的	77
出现	在	68
出现	症状	10
出现	疫情	10
出现	过	10
出现	问题	10
出现	发热	9
出现	这种	8
出现	新冠	8
出现	一些	6
出现	确诊	5
出生	在	20
出生	的	20
出生	於	12
出租车	司机	9
出色	的	27
出色	地	6
出行	的	13
出身	的	9
出院	病例	20
出院	的	12
出院	患者	9
出院	后	8
出院	了	5
击落	了	5
刀刃	向	14
刀刃	上	5
分	左右	22
分	的	12
分	被	6
分不开	的	5
分享	了	18
分享	的	9
分享	自己	9
分享	给	6
分享	他	5
分享	中国	5
分别	是	30
分别	在	15
分别	为	15
分别	由	5
分别	达到	5
分别	获得	5
分割	包围	6
分区	分级	10
分局	的	11
分局	於	6
分局	消息	5
分布	在	6
分店	的	5
分散	隐蔽	5
分散	在	5
分析	人士	24
分析	问题	16
分析	和	15
分析	研判	15
分析	了	12
分析	指	10
分析	认为	8
分析	的	6
分析	研究	5
分校	的	5
分歧	的	5
分社	社长	11
分离	出	7
分离	的	7
分类	工作	5
分类	的	5
分裂	国家	12
分裂	的	8
分配	到	7
分钟	的	14
分钟	内	7
分钟	左右	5
分钟	后	5
切实	把	51
切实	做到	30
切实	解决	28
切实	提高	26
切实	保障	20
切实	为	15
切实	履行	12
切实	担负起	12
切实	维护	11
切实	发挥	8
切实	培养	7
切实	抓好	7
切实	感受	6
切实	防止	6
切实	的	6
切实	提升	6
切实	扛起	5
切实可行	的	5
切断	了	7
切身利益	的	6
刊登	了	8
刊登	在	7
刑事	指控	10
刑事	司法	10
刑事	罪行	8
列	克星	6
列举	了	6
列位	於	8
列出	了	8
列出	的	5
刘	富强	7
刘女士	说	5
则	是	95
则	需要	11
则	会	11
则	为	10
则	在	9
则	要	9
则	表示	8
则	可以	8
则	说	7
则	成为	6
则	认为	6
则	以	5
则	与	5
刚	开始	21
刚	从	16
刚	毕业	5
刚刚	结束	5
刚刚	好	5
创下	了	6
创业	的	64
创业	中	7
创业	孵化	6
创作	的	12
创办	了	10
创建	的	10
创建	了	7
创建	国家	5
创新	的	47
创新	创业	15
创新	思维	13
创新	发展	13
创新	理论	13
创新	精神	13
创新	驱动	12
创新	工作	12
创新	意识	11
创新	是	11
创新	人才	11
创新	引领	10
创新	活力	9
创新	成果	8
创新	局面	8
创新	和	7
创新	生态	7
创新	等	6
创新	高地	6
创新	中心	6
创新	中	6
创新	产业	5
创新	大赛	5
创新	这个	5
创新	与	5
创新	方式	5
创新	方法	5
创新	链	5
创新	平台	5
创立	的	5
创立	了	5
创造	了	74
创造	的	29
创造	出	21
创造	新	17
创造	历史	11
创造	出来	7
创造	更	6
创造	价值	5
创造	更加	5
创造	活力	5
创造性	的	7
初	心	99
初	的	7
初心	和	65
初心	使命	31
初心	与	8
初心	的	8
初心	是	6
初期	的	8
初步	了解	5
利	长远	14
利用	的	13
利用	好	11
利用	自己	11
利用	了	9
利用	其	8
利用	疫情	6
利用	大	5
利用	一切	5
利用	职务	5
利益	的	52
利益	和	15
利益	问题	11
利益	而	9
利益	放在	8
利益	高于一切	7
利益	放在首位	7
利益	最大化	5
利益	为	5
利益	关系	5
别	让	10
别	再	7
别人	的	109
别人	也	12
别人	对	8
别人	家	7
别人	来	5
别人	不	5
别样	的	8
别的	地方	6
到	了	457
到	的	82
到	自己	40
到	现在	39
到	群众	36
到	哪里	33
到	基层	31
到	港	28
到	疫情	27
到	目前	24
到	最后	23
到	我	22
到	中国	21
到	有	20
到	他	19
到	人	18
到	其他	18
到	工作	18
到	香港	17
到	最	17
到	什么	17
到	今年	15
到	明年	15
到	医院	15
到	这	15
到	在	14
到	更	14
到	今天	14
到	岗	13
到	这里	13
到	新	12
到	上海	12
到	她	12
到	一个	12
到	地方	12
到	党	12
到	安全	12
到	如今	11
到	美国	11
到	晚上	11
到位	的	10
到位	於	9
到处	都	18
到处	是	7
到底	是	35
到底	有	9
到底	的	8
到底	什么	6
到期	的	13
到来	的	15
到来	之前	5
到达	了	10
到达	陕北	8
制作	的	17
制作	了	8
制作	人	7
制作	出	5
制定	了	40
制定	的	28
制定	国民经济	14
制定	和	12
制定	出	11
制定	出台	6
制度	的	114
制度	和	43
制度	优势	36
制度	体系	30
制度	建设	23
制度	创新	18
制度	自信	15
制度	执行	13
制度	改革	11
制度	上	11
制度	保障	10
制度	落实	9
制度	安排	9
制度	执行力	9
制度	约束	8
制度	漏洞	8
制度	更加	8
制度	是	8
制度	机制	7
制度	笼子	6
制度	等	5
制度	治党	5
制度	下	5
制成	的	6
制止	餐饮	37
制约	和	11
制胜	法宝	5
制药	公司	10
制裁	的	11
制裁	措施	10
制造	的	17
制造	了	10
制造	出	6
制造业	的	6
刷	脸	7
刷新	了	6
刺激	经济	6
刻	在	7
刻板	印象	5
刻骨铭心	的	8
削弱	了	13
前	的	104
前	就	24
前	曾	17
前	几天	15
前	在	14
前	副	13
前	已	13
前	都	12
前	相比	12
前	一	9
前	晚	8
前	所	8
前	是	7
前	完成	6
前	香港	6
前	特首	6
前	全部	5
前	被	5
前	苏联	5
前	警察	5
前	总理	5
前一天	增加	7
前后	调节	6
前往	美国	7
前往	武汉	6
前所未有	的	56
前提	下	44
前提	是	14
前提	和	7
前敌	委员会	7
前方	的	9
前日	在	6
前景	的	6
前期	的	5
前线	的	18
前行	的	32
前身	是	7
前辈	们	11
前辈	的	8
前进	的	49
前进	道路	15
前途	命运	12
前途	的	5
前面	的	15
剧中	的	9
剩下	的	35
剩下	了	5
副	主席	91
副	主任	63
副	书记	39
副	总统	24
副	部长	17
副	总理	14
副	市长	12
副	院长	12
副	局	12
副	师长	7
副	军长	6
副	董事	5
副司令员	兼	5
剿	总	6
力	同心	9
力度	之大	9
力度	不减	8
力所能及	的	11
力量	的	33
力量	和	18
力量	源泉	12
力量	是	8
力量	在	6
劝	他	10
劝	她	5
办	大事	27
办	的	11
办	事情	10
办	主任	7
办	了	6
办事	的	8
办事处	主任	5
办公	的	6
办公室	里	8
办公室	的	8
办公室	主任	7
办好	自己	8
办好	中国	6
办好事	的	5
办法	是	10
办法	的	6
办法	解决	6
办法	来	5
办理	的	6
功夫	下	5
功成	不必	16
功成	必定	12
功能	的	17
功能	和	14
功能	也	9
功能	上	7
功能	按键	6
加	州政府	17
加	了	16
加	美	10
加	分	6
加	起来	6
加	公寓	5
加上	新冠	7
加上	疫情	7
加上	近日	6
加上	有	5
加上	在	5
加入	了	33
加入	到	16
加入	中国共产党	11
加入	的	5
加剧	了	31
加大	对	33
加大	了	16
加大	宣传	8
加州	的	46
加州	和	17
加州	公共	13
加州	居民	12
加州	在	12
加州	公路	12
加州	消防局	11
加州	共和	10
加州	疫情	7
加州	目前	6
加州	是	6
加州	有	5
加州	第	5
加强	对	73
加强	党	25
加强	学习	22
加强	党的建设	21
加强	思想	20
加强	和	19
加强	基层	18
加强	了	16
加强	与	14
加强	理论	11
加强	政治	11
加强	组织	11
加强	自身	10
加强	疫情	9
加强	党的领导	9
加强	党员干部	8
加强	制度	8
加强	管理	8
加强	国际	7
加强	党性修养	7
加强	宣传教育	6
加强	作风	6
加强	防控	5
加强	扶贫	5
加强	生态	5
加强	农业	5
加强	的	5
加强	立法	5
加强	实践	5
加强	社会	5
加强	干部队伍	5
加强	党性	5
加强	群众	5
加强监督	检查	7
加快	推进	36
加快	了	16
加快	建设	11
加快	发展	9
加快	构建	8
加快	恢复	8
加快	推动	8
加快	成长	5
加拿大	的	84
加拿大	广播公司	54
加拿大	联邦政府	39
加拿大	和	23
加拿大	联邦	20
加拿大	公民	19
加拿大	经济	19
加拿大	房地产	13
加拿大	新冠	13
加拿大	总理	12
加拿大	自由党	12
加拿大	最大	11
加拿大	公共	11
加拿大	民众	9
加拿大	边境	8
加拿大	皇家	8
加拿大	全国	8
加拿大	统计局	7
加拿大	土著人	6
加拿大	各省	6
加拿大	有	6
加拿大	首席	6
加拿大	邮局	5
加拿大	公司	5
加拿大	第二	5
加拿大	社会	5
加拿大	房贷	5
加拿大	环境部	5
加拿大	移民部	5
加拿大人	在	6
加油	干	25
加油	鼓劲	10
加深	了	6
加深	对	5
加热	功能	5
加速	了	10
加速	的	6
加重	了	6
务实	的	11
务实	举措	5
务求	实效	5
动人	的	11
动力	和	12
动力	上	7
动力	的	5
动员	起来	8
动员	能力	6
动物	的	21
助力	脱贫	8
助力	企业	5
助理	教授	12
助长	了	8
努力	的	24
努力	在	22
努力	成为	16
努力	把	16
努力	为	14
努力	和	12
努力	工作	12
努力	让	11
努力	提升	10
努力	营造	9
努力	方向	8
努力	去	8
努力	下	8
努力	做	7
努力	使	7
努力	与	5
努力	地	5
努力	培养	5
努力	将	5
努力	保持	5
努力实现	政治	5
劳动	的	12
劳动	人民	7
劳动	省	6
劳动	群众	6
劳动	精神	6
劳动模范	和	7
劳动者	的	6
劳模	精神	18
势力	的	11
勇	担当	6
勇	做	5
勇	作为	5
勇于	担当	72
勇于	直面	20
勇于	自我	6
勇于	攻坚克难	5
勇于	挑	5
勇于	拼搏	5
勇士	的	8
勇士	们	8
勇敢	的	14
勇敢	地	5
勇气	和	19
勇气	的	5
勋章	和	6
勠	力	12
勤于	学习	6
勤俭节约	的	32
勤俭节约	是	6
勤俭节约	成为	5
勾勒	出	8
勿	街	6
包	的	6
包含	了	11
包含	着	5
包含	的	5
包围	城市	5
包容	的	6
包容	和	5
包括	在	55
包括	了	19
包括	香港	15
包括	有	14
包括	要求	11
包括	一名	11
包括	所有	10
包括	第	9
包括	口罩	8
包括	对	7
包括	美国	7
包括	政府	7
包括	一些	7
包括	中国	7
包括	向	7
包括	那些	6
包括	疫情	5
包括	加州	5
包括	以	5
包裹	性	5
化	疫情	42
化	的	32
化	防控	7
化解	重大	13
化解	危机	8
化解	了	5
北上	广深	6
北上	抗日	5
北京	的	64
北京	在	10
北京	方面	10
北京	时间	10
北京	召开	9
北京	举行	9
北京	对	7
北京	和	6
北京	等	5
北京	新	5
北京	将	5
北京	现代	5
北平	和平	6
北斗	卫星	7
北斗	系统	5
北美	东部	17
匹配	的	7
区	的	13
区	纪委	12
区分	开来	12
区别	于	8
区块	链	9
区域	的	14
区域	医疗	12
区域	内	11
区域	协调	8
区域	经济	7
区域	发展	5
医务	工作者	35
医务人员	的	15
医务人员	和	6
医学	上	5
医护	工作者	13
医护人员	的	25
医护人员	和	10
医护人员	在	7
医生	的	23
医生	说	18
医生	和	18
医生	在	14
医生	护士	7
医生	们	7
医生	建议	5
医用	口罩	17
医用	防护	7
医用	外科	6
医用	防护服	6
医用	物资	5
医疗	物资	39
医疗	救治	20
医疗	资源	19
医疗	中心	18
医疗	设备	16
医疗	服务	13
医疗	队员	13
医疗	专家组	13
医疗	专家	10
医疗	体系	9
医疗	救助	8
医疗	和	7
医疗	用品	7
医疗	市场化	7
医疗	人员	6
医疗	等	5
医疗	费用	5
医疗	防护	5
医疗	条件	5
医疗卫生	机构	5
医疗卫生	服务	5
医疗队	队员	20
医疗队	的	19
医者	仁心	5
医院	的	63
医院	和	15
医院	感染	10
医院	就诊	10
医院	等	8
医院	建设	8
医院	接受	8
医院	在	7
医院	急诊科	7
医院	是	7
医院	里	7
医院	内	6
医院	检查	6
医院	中	6
医院	进行	5
十七	勇士	9
十三	五	55
十三届	全国人大	15
十九	届	144
十九	大	69
十八	大	88
十八	洞	12
十八	届	12
十六	州	9
十分	重要	31
十分	的	9
十分	丰富	6
十分	严重	5
十年	的	9
十年	后	7
十年	前	6
十足	的	14
千万	不要	12
千万	不能	8
千万	人	8
千万	不可	5
千万	要	5
千千万万	的	8
千多	人	5
千条	线	7
千篇一律	的	5
升级	的	19
升级	了	8
升级	为	6
半	的	13
半	自治	8
半	山路	5
半个	月	17
半个	小时	10
半年	多	9
半年	的	6
半年	时间	5
半年	后	5
半条	被子	13
半点	马克思主义	5
华东	军区	5
华为	的	18
华为	在	7
华丽	的	8
华北	的	5
华南	海鲜	9
华晨	宝马	6
华盛顿	的	12
协会	的	7
协同	发展	6
协同	配合	6
协同	发力	6
协同	推进	6
协同	性	5
协商	民主	5
协议	的	15
协调	发展	14
协调	解决	12
协调	的	10
协调	能力	8
协调	各方	6
协调	和	5
卓越	的	13
单一	的	7
单位	的	33
单位	和	17
单位	等	6
单位	党员	5
单位	进行	5
单位	要	5
单位	中	5
单元	的	5
单日	新增	11
单独	的	5
单纯	的	18
单词	的	6
卖	给	9
卖	的	9
卖	了	9
南	加大	22
南	加	12
南	医大	5
南加州	的	7
南方	的	10
南昌	的	5
南昌起义	的	6
南朝鲜	军	9
南部	的	12
博士	表示	6
博士	在	5
占	比	24
占	道	15
占	到	11
占	了	8
占	比较	5
占据	了	12
占据	着	5
占领	了	27
占领	的	5
卡	在	9
卫星	导航系统	5
卫生	健康	38
卫生	官员	21
卫生	专家	11
卫生	官	6
卫生	当局	6
卫生	与	6
卫生	和	5
印发	了	16
印发	的	9
印度	的	27
印度	和	7
印度	士兵	5
印度	也	5
印度	等	5
印证	了	11
印象	深刻	15
印象	中	10
印象	是	7
危害	公共安全	7
危害	国家	6
危急	时刻	14
危机	中	24
危机	的	21
危重	型	9
危重	患者	6
危重病	人	6
危重症	患者	7
危险	的	39
危难	时刻	12
危难	之际	6
危难	关头	6
危难	之	5
即	月	59
即	是	36
即	在	12
即	被	9
即	送	7
即	为	7
即	由	6
即	可以	5
即使	是	48
即使	在	38
即使	你	9
即使	有	9
即使	没有	8
即使	疫情	7
即便	是	29
即便	在	5
即可	完成	5
即将	到来	7
即将	开启	6
即日起	至	17
却	在	45
却	没有	37
却	不	34
却	又	29
却	有	21
却	让	20
却	很	16
却	被	15
却	并	14
却	能	14
却	也	13
却	还	12
却	要	11
却	不是	11
却	始终	11
却	依然	11
却	只能	9
却	因	9
却	不能	9
却	因为	7
却	因此	6
却	无法	6
却	永远	6
却	只有	6
却	可以	6
却	像	6
却	已	6
却	迟迟	5
却	忽略	5
却	可能	5
却	有着	5
却	把	5
却	十分	5
卻	是	21
卻	在	14
卻	有	10
卻	被	9
卻	不	7
卻	一直	5
历史	的	98
历史	上	86
历史	和	21
历史	交汇点	17
历史	中	14
历史	检验	13
历史	文化	13
历史	发展	12
历史	交汇	11
历史	是	10
历史	人物	10
历史	担当	9
历史	方位	8
历史	重任	7
历史	时期	7
历史	意义	7
历史	起点	6
历史	底蕴	5
历史	机遇	5
历史性	的	10
历史性	成就	10
历史进程	中	5
历史长河	中	7
历来	是	6
历程	中	7
历程	和	6
历经	磨难	5
厉害	的	13
压倒性	胜利	12
压力	的	16
压力	和	11
压力	大	5
压力	为	5
压力	下	5
压实	责任	16
压紧	压实	6
厌倦	了	6
厘米	的	9
厚	的	6
厚植	为民	6
厚爱	结合	8
厚生	劳动	9
厚重	的	7
原	是	6
原	计划	6
原则	和	13
原则	是	8
原则	的	6
原厂	质保	6
原因	是	69
原因	之一	22
原因	就是	19
原因	的	9
原因	有	9
原因	可能	6
原因	就	6
原因	所在	5
原因	而	5
原始	的	10
原定	的	12
原定	于	11
原定	於	9
原定	在	9
原定	今年	7
原有	的	20
原本	是	21
原本	的	21
原本	在	10
原本	就	5
原来	的	42
原来	是	26
原生	家庭	5
去	了	100
去	做	54
去	的	44
去	看	35
去	找	32
去	到	28
去	医院	20
去	思考	12
去	看看	11
去	一日	11
去	武汉	10
去	想	10
去	人间	10
去	见	9
去	给	8
去	了解	8
去	旅行	8
去	追求	7
去	买	7
去	工作	7
去	信	6
去	为	6
去	和	6
去	哪里	6
去	支持	6
去	吃	6
去	哪	6
去	发现	6
去	上班	6
去	一	6
去	超市	6
去	面对	5
去	探望	5
去	问	5
去	寻找	5
去	实现	5
去	努力	5
去	解决	5
去	就	5
去	尝试	5
去世	后	13
去世	的	10
去世	了	6
去世	前	5
去年	的	25
去年	在	13
去年	六月	9
去年	年底	9
去年	同期相比	8
去年	以来	7
去年	夏天	6
去年	下半年	6
去年	十一月	5
去年	同月	5
去年	全年	5
去年同期	的	11
去年同期	下跌	8
去年同期	下降	6
去年同期	增加	6
县	三级	8
县	乡村	5
县委	副	5
县级	融	6
县级	以上	5
参与	了	21
参与	的	14
参与	到	14
参与	和	11
参与	讨论	6
参与	疫情	6
参与	过	5
参加	了	73
参加	过	18
参加	的	17
参加	工作	15
参加	战斗	6
参加	活动	6
参加	革命	6
参战	部队	6
参观	的	7
参观	学习	7
参观	了	6
又	指	282
又	是	129
又	有	127
又	要	106
又	在	42
又	一次	40
又	一个	36
又	表示	34
又	能	33
又	被	29
又	会	24
又	不	22
又	说	20
又	到	19
又	提到	19
又	以	16
又	一代	16
又	开始	15
又	可以	15
又	再	14
又	不是	14
又	来	13
又	把	13
又	重新	12
又	将	12
又	如	12
又	或者	11
又	一批	11
又	去	11
又	让	11
又	透露	11
又	指出	11
又	提醒	11
又	怎么	10
又	多	10
又	用	9
又	或	9
又	如何	9
又	为	8
又	很	8
及	在	20
及	一名	19
及	香港	16
及	以上	15
及	有	15
及	地方	13
及	相关	11
及	科技	9
及	疫情	9
及	生活	8
及	家人	8
及	向	8
及	指示	7
及	未	7
及	部分	7
及	以	7
及	派	7
及	工作	7
及	安全	7
及	政府	7
及	个人	6
及	新	6
及	健康	6
及	避免	6
及	非法	6
及	民主	6
及	保持	6
及	口罩	6
及	更	6
及	对	5
及	各	5
及	提高	5
及	家属	5
及	一批	5
及	防疫	5
及	此	5
及	有关	5
及	副	5
及	家庭	5
及	以下	5
及其	他	60
及其	家人	13
及其	家庭	5
及时	的	10
及时	掌握	10
及时	解决	9
及时	对	8
及时	向	8
及时	了解	7
及时	将	7
及时	回应	6
及时	总结	6
及时	调整	6
及时	进行	6
及时	地	5
及时	纠正	5
及时	澄清	5
及时发现	问题	9
友好	的	8
双	胜利	15
双十	一	14
双方	的	19
双方	都	8
双方	就	5
双边	共	5
反	政府	13
反	种族歧视	9
反	贫困	5
反制	措施	5
反动	统治	5
反对	浪费	27
反对	形式主义	14
反对	的	11
反对	任何	6
反对	铺张浪费	6
反对派	的	5
反应	也	5
反应	是	5
反弹	回潮	5
反弹	的	5
反思	自己	5
反映	了	35
反映	出	22
反映	的	15
反映	在	14
反映	群众	5
反映	情况	5
反省	自己	5
反而	是	19
反而	会	9
反腐	不断	5
反腐倡廉	建设	6
反腐败	斗争	59
反腐败	工作	10
发	的	13
发	往	6
发	了	5
发光	发热	6
发出	了	29
发出	的	22
发出	警告	8
发动	了	11
发动	的	7
发动	起来	5
发动机	的	9
发动机	噪音	5
发射	的	7
发射	了	6
发展	的	476
发展	理念	84
发展	格局	61
发展	和	52
发展	阶段	49
发展	思想	47
发展	中	36
发展	到	35
发展	工作	33
发展	提供	30
发展	是	26
发展	稳定	24
发展	经济	23
发展	环境	23
发展	新	23
发展	之	20
发展	战略	20
发展	规律	20
发展	面临	19
发展	道路	18
发展	目标	18
发展	中国	18
发展	好	17
发展	需要	17
发展	方向	17
发展	过程	17
发展	规划	16
发展	不	16
发展	变化	15
发展	了	15
发展	大局	15
发展	为	15
发展	第十四	14
发展	方式	14
发展	成果	14
发展	空间	13
发展	作用	13
发展	与	12
发展	机遇	12
发展	要求	12
发展史	上	7
发布	的	77
发布	了	49
发布	消息	11
发布	疫情	5
发布会	上	38
发扬	斗争	16
发挥	了	34
发挥	好	27
发挥	着	17
发挥	先锋	13
发挥	出	12
发挥	监督	12
发挥	更大	9
发挥	党员	8
发挥	战斗	6
发挥	的	6
发挥	基层	5
发挥	自己	5
发放	的	15
发明	了	8
发热	门诊	18
发现	了	66
发现	问题	52
发现	的	39
发现	有	13
发现	和	9
发现	一起	7
发现	在	6
发现	他们	6
发现	是	5
发现	这	5
发生	的	99
发生	了	85
发生	在	60
发生	后	44
发生	以来	44
发生	时	11
发生	过	10
发生	什么	8
发生	疫情	6
发生	前	5
发生	改变	5
发生	深刻	5
发病	后	6
发自内心	的	9
发行	的	6
发表	重要讲话	31
发表	了	29
发表	的	26
发表	讲话	13
发表	评论	8
发表	在	7
发言人	说	6
发起	了	15
发起	的	9
发起	进攻	7
发起	攻击	7
发起	成立	5
发起	总攻	5
发达	的	12
发达	地区	6
取	的	7
取	走	5
取代	了	11
取得	了	112
取得	的	81
取得	新	19
取得	重大	18
取得	决定性	11
取得	积极	8
取得	显著	8
取得	新进展	8
取得	阶段性	7
取得	突破	7
取得	疫情	7
取得	重大突破	6
取得	重要	5
取得胜利	的	7
取消	了	49
取消	的	9
取消	所有	6
取消	今年	6
取消	休假	5
取消	其	5
取消	或	5
取而代之	的	7
取胜	的	6
受	疫情	127
受	感染	34
受	影响	17
受	了	11
受	教育	10
受	任何	6
受	新型	6
受	监督	6
受	管制	5
受	病毒	5
受	洗礼	5
受伤	的	10
受到	了	50
受到	新冠	28
受到	的	27
受到	疫情	24
受到	影响	15
受到	控制	9
受到	威胁	7
受到	严重	6
受到	更	5
受到	很多	5
受制	於	5
受害	的	6
受害人	的	7
受害者	的	13
受惠	於	12
受损	的	5
受欢迎	的	14
受灾	群众	5
变	了	13
变	好	5
变为	现实	7
变化	的	33
变化	和	6
变化	带来	6
变化	是	5
变化	也	5
变得	更加	27
变得	越来越	14
变得	更	11
变成	了	77
变革	的	6
口	鼻	13
口中	的	6
口岸	入境	5
口罩	的	115
口罩	和	53
口罩	等	40
口罩	及	25
口罩	是	16
口罩	或	14
口罩	也	10
口罩	而	9
口罩	就	8
口罩	都	7
口罩	到	7
口罩	在	6
口罩	短缺	6
口罩	问题	6
口罩	厂	5
口罩	生产	5
口罩	有	5
口罩	令	5
口袋	里	5
古人	的	6
古人	说	6
古代	的	12
古老	的	19
古语	有云	6
另	一个	81
另	一	48
另	一位	33
另	一种	31
另	有	15
另	一宗	10
另	一次	7
另	被控	6
另	一起	5
另	一艘	5
另	一套	5
另一方面	要	10
另一方面	也	9
另外	有	15
另外	在	11
另外	一个	9
另外	的	8
另外	亦	5
另外	也	5
另外	他	5
另行	通告	7
只	需	46
只	剩下	36
只	在	29
只	需要	25
只	为	19
只	知道	19
只	因	16
只	表示	10
只	想	10
只	看到	9
只	可	8
只	留下	8
只	剩	8
只	提供	8
只	做	8
只	希望	8
只	看	7
只	让	6
只	可以	6
只	吃	6
只	讲	6
只	口罩	6
只	听	6
只	可惜	5
只	记得	5
只不过	是	21
只争朝夕	的	11
只会	让	8
只是	在	21
只是	一个	20
只是	为了	9
只是	做	8
只是	因为	8
只是	他	8
只是	去	7
只是	想	7
只是	个	7
只是	被	7
只是	对	6
只是	希望	6
只是	我们	5
只是	要	5
只是	不	5
只是	说	5
只有	在	41
只有	这样	26
只有	一个	22
只有	自己	15
只有	把	13
只有	坚持	12
只有	真正	12
只有	不断	10
只有	两个	9
只有	中国	8
只有	你	8
只有	一次	7
只有	将	7
只有	通过	7
只有	做到	6
只有	我们	6
只有	始终	6
只有	具备	6
只有	那些	6
只有	不到	5
只有	当	5
只有	不足	5
只有	我	5
只有	敢于	5
只有	这	5
只有	心中	5
只有	让	5
只用	了	10
只能	在	24
只能	是	22
只能	让	8
只能	通过	8
只能	说	8
只能	自己	6
只能	用	5
只能	买	5
只能	把	5
只要	我们	33
只要	你	23
只要	有	22
只要	是	20
只要	在	12
只要	不	9
只要	能	9
只要	把	7
只要	大家	5
只要	自己	5
只要	不是	5
只见	他	6
只限	於	5
叫	他	19
叫	我	16
叫	人	12
叫	你	9
叫	她	7
叫	了	6
叫	什么	5
召回	的	6
召开	的	53
召开	了	25
召开	会议	19
召开	新闻	5
召开	座谈会	5
召开	电视电话会议	5
可	在	99
可	持续	59
可	於	47
可	提供	26
可	被	25
可	就	15
可	直接	14
可	被判	13
可	与	12
可	使用	11
可	做	11
可	利用	11
可	避免	11
可	实现	10
可	自行	10
可	有效	10
可	重用	10
可	他	9
可	将	8
可	获得	8
可	我	8
可	通过	8
可	看到	8
可	期	7
可	再	7
可	为	7
可	根据	7
可	得	7
可	有	7
可	由	7
可	恢	7
可	向	7
可	不能	7
可	开启	6
可	接受	6
可	再生能源	6
可	调节	6
可	把	6
可	吸引	6
可	更	6
可以	在	178
可以	说	112
可以	看到	59
可以	通过	51
可以	用	42
可以	让	41
可以	把	32
可以	使用	29
可以	是	29
可以	做	27
可以	有	27
可以	看出	26
可以	直接	23
可以	理解	22
可以	为	18
可以	利用	18
可以	将	18
可以	选择	18
可以	和	17
可以	去	16
可以	从	16
可以	使	16
可以	了	14
可以	到	14
可以	提供	13
可以	有效	13
可以	在家	12
可以	满足	12
可以	实现	12
可以	给	12
可以	向	12
可以	作为	12
可以	享受	11
可以	发现	11
可以	接受	11
可以	的	11
可以	帮助	10
可以	多	9
可以	得到	9
可以	被	9
可喜	的	5
可怕	的	29
可怜	的	10
可控	的	6
可是	他	11
可是	我	9
可望	在	6
可爱	的	29
可用	的	7
可用	於	7
可用	来	5
可疑	的	6
可耻	的	6
可能	会	216
可能	是	195
可能	在	75
可能	的	71
可能	有	46
可能	被	39
可能	导致	29
可能	存在	20
可能	造成	18
可能	需要	18
可能	发生	18
可能	要	18
可能	就	16
可能	出现	16
可能	让	15
可能	成为	14
可能	也	14
可能	都	13
可能	不	12
可能	涉及	11
可能	更	11
可能	对	11
可能	比	11
可能	已	10
可能	只是	10
可能	给	10
可能	因此	9
可能	将	9
可能	是因为	8
可能	感染	8
可能	因	8
可能	还	7
可能	仍	7
可能	就是	7
可能	已经	7
可能	受	7
可能	变成	7
可能	很快	7
可能	没有	7
可能	引发	6
可能性	是	5
可行	的	11
可观	的	5
可谓	是	16
可靠	的	20
台	的	5
台儿庄	战役	7
台前	幕	5
台湾	的	30
台湾	问题	8
台湾	总统	8
台湾	政府	6
台湾	是	6
台湾	和	6
台车	的	5
史	的	8
史	称	6
史	上	6
史上	的	5
史料	记载	8
史无前例	的	7
史诗	歌舞剧	9
号	的	13
号	航母	10
号	和	7
号	上	5
司令	长官	5
司令员	兼	8
司机	的	6
司法	和	6
司法	改革	5
司法部	的	8
吃	了	61
吃	的	57
吃	得	27
吃	过	20
吃	完	19
吃	着	15
吃	到	15
吃	上	11
吃	什么	10
吃	东西	8
吃	好	8
吃	辣	6
吃	肉	6
吃	早餐	5
吃饭	的	14
吃饭	都	5
各	方面	111
各	部门	61
各	地区	26
各	领域	20
各	的	19
各	单位	15
各	环节	13
各	大城市	9
各	行业	8
各	部队	8
各	民族	7
各	社区	7
各	地方	7
各	相关	6
各	主要	6
各	城市	6
各	有关	5
各	企业	5
各个	国家	5
各国	的	14
各国	人民	12
各国	政府	9
各国	都	6
各地	的	75
各地	各	15
各地	都	14
各地	在	12
各地	要	11
各地	政府	6
各大	超市	5
各州	和	7
各州	的	5
各市	州	19
各式各样	的	8
各方	的	11
各族人民	的	8
各有	各	12
各种	风险	22
各种	困难	11
各种	问题	7
各种	方式	7
各种	原因	6
各种	复杂	6
各种	艰难险阻	5
各种	能力	5
各种各样	的	22
各类	人才	8
各级	党组织	82
各级	领导	30
各级	纪检监察	26
各级	干部	26
各级	各	18
各级	政府	17
各级	党员干部	10
各级	各类	9
各级	领导班子	8
各级	组织部门	8
各级	组织	8
各级	纪委	5
各级党委	和	22
各级党委	政府	11
各级党委	要	8
各自	的	29
各自	岗位	7
各行各业	都	6
各行各业	的	6
各项	工作	124
各项	防控	20
各项	决策	20
各项	目标	7
各项	制度	6
各项	惠民	6
各项	要求	5
各项	举措	5
各项事业	发展	6
各项事业	取得	6
合作	的	45
合作	共	9
合作	共赢	9
合作	协议	7
合作	关系	6
合作	和	6
合作	平台	5
合作	交流	5
合作	是	5
合同	的	8
合格	的	43
合格	党员	12
合格	答卷	6
合法	的	12
合理	的	33
合资	品牌	6
合适	的	31
吉利	德	10
同	人民	24
同	级别	17
同	在	13
同	住	9
同	国家	7
同	党中央	7
同	时间	7
同	是	7
同	世界	6
同	大家	6
同	乡村	6
同	他	5
同	一件	5
同	中方	5
同	我	5
同事	们	15
同事	的	14
同事	在	11
同住	的	7
同向	发力	5
同学	们	30
同学	的	11
同志	为	104
同志	们	26
同志	的	21
同志	在	18
同志	和	10
同志	都	9
同志	强调	6
同志	是	5
同情心	和	5
同意	的	9
同意	了	7
同意	下	5
同意	在	5
同日	在	5
同时	也	111
同时	在	23
同时	还	21
同时	要	16
同时	又	12
同时	要求	7
同时	还有	7
同时	进行	6
同时	对	6
同时	还要	6
同时	我们	5
同样	的	59
同样	是	35
同样	在	9
同样	可以	7
同样	需要	7
同样	也	6
同样	重要	5
同比	增长	26
同比	下降	8
同理	心	6
同窗	室友	7
同胞	的	7
同胞	联谊会	5
同行	的	14
名	男子	40
名	患者	30
名	病人	29
名	囚犯	18
名	消防	17
名	乘客	15
名	被告	15
名	被	14
名	本地	14
名	男女	12
名	居民	12
名	考生	11
名	工人	9
名	警察	8
名	医护人员	8
名	涉案	8
名	的	8
名	医务人员	6
名	学生	6
名	队员	6
名	儿童	6
名	女子	6
名	香港	6
名	示威者	6
名	工作	6
名	疑似	6
名	民主派	5
名	男童	5
名	港人	5
名义	上	5
名副其实	的	8
名单	上	6
名单	中	5
名字	的	12
名字	也	7
名字	叫	7
名字	是	6
名字	就	6
后	的	135
后	又	21
后	就	20
后	被	20
后	不久	16
后	还	14
后	再	13
后	才	13
后	在	12
后	也	12
后	便	8
后	都	8
后	说	8
后	立即	7
后	将	7
后	疫情	7
后	给	6
后	有	6
后	可	6
后	车门	6
后	为	6
后	却	6
后	进行	5
后	不到	5
后	不	5
后	他	5
后	才能	5
后	会	5
后天	之道	6
后排	座椅	12
后排	空间	5
后期	的	6
后来	的	23
后来	又	16
后来	成为	10
后来	我	8
后来	被	7
后来	就	6
后来	他	6
后来	回忆	5
后来	在	5
后来	才	5
后续	扶持	6
后续	的	5
后面	的	23
吐	槽	8
吐口	水	8
吐露	港	10
向	好	71
向	他	43
向	世界	31
向	警方	26
向	政府	25
向	纵深	24
向	他们	23
向	中国	21
向	她	20
向	我	18
向	内	18
向	我们	15
向	其	15
向	全国	15
向	大家	14
向	所有	13
向	党	13
向	群众	13
向	美国	12
向	人民	12
向	党中央	11
向	香港	11
向	基层	11
向	其他	10
向	市民	10
向	该	9
向	公众	9
向	你们	9
向	你	9
向	法院	9
向	党和人民	9
向	社会	8
向	湖北	8
向	第二个	8
向	有	8
向	敌	8
向	记者	7
向	家人	7
向	上级	7
向	中方	7
向上	的	20
向前	的	22
向前	发展	6
向前	迈进	5
向前	看	5
向往	作为	11
向往	的	9
吓	得	13
吓坏	了	6
君	了解	5
否则	就	5
听	了	28
听	起来	16
听	着	15
听	汇报	7
听	过	7
听	我	7
听	群众	6
听	指挥	6
听	完	6
听	他	6
听	得	5
听党	话	15
听党	指挥	7
听到	了	11
听到	的	5
听到	他	5
听取	了	12
听取	群众	7
听说	过	9
启动	了	12
启动	的	11
启动	重大	6
启航	学校	9
吴	老头儿	5
吸引	了	40
吸引	人	12
吸引	大批	8
吸引	着	8
吸引	更	8
吸引	人才	7
吸引	更多	6
吸引	游客	5
吸引	不少	5
吸引力	的	6
吸引力	和	5
吸收	了	8
呆	在	26
呆	了	9
呈	阳性	38
呈	上	5
告别	了	5
告诉	记者	51
告诉	我们	50
告诉	我	25
告诉	你	22
告诉	他	15
告诉	加拿大	11
告诉	了	10
告诉	大家	10
告诉	她	10
告诉	人们	8
告诉	他们	7
告诉	自己	5
告诫	人们	5
员工	的	28
员工	在	7
周	的	9
周一	的	11
周一	至	7
周一	宣布	7
周一	在	7
周一	表示	6
周三	在	12
周三	的	11
周三	表示	10
周二	表示	14
周二	下午	8
周二	的	7
周二	在	7
周二	宣布	5
周五	的	11
周全	的	7
周六	在	8
周六	下午	6
周六	上午	5
周四	在	9
周四	的	8
周四	表示	8
周围	的	26
周密	的	6
周年	的	13
周年	庆祝大会	11
周年	之际	5
周恩来	在	9
周恩来	同志	5
周日	的	10
周日	表示	8
周期	元素	7
周末	的	9
周边	的	10
味道	了	5
呼吁	国际	5
呼吸	与	6
呼吸	疾病	5
呼吸道	感染	11
呼吸道	疾病	6
呼吸道	症状	5
呼唤	着	6
命	也	13
命令	后	7
命令	和	5
命令	的	5
命名	的	17
命名	为	12
命名	实体	6
命运	共同体	61
命运	与	19
命运	的	18
和	其他	225
和	社会	93
和	工作	91
和	发展	88
和	他	83
和	使命	79
和	经济社会	73
和	治理	72
和	政治	69
和	人民	69
和	群众	67
和	中国	64
和	我	62
和	经济	60
和	政府	55
和	家人	52
和	行动	50
和	完善	49
和	身体健康	49
和	力量	49
和	生活	48
和	支持	45
和	国家	45
和	新	44
和	地方	40
和	美国	37
和	广大党员	37
和	家庭	36
和	世界	35
和	实践	35
和	她	35
和	安全	34
和	问题	34
和	挑战	34
和	死亡	33
和	能力	33
和	组织	32
和	个人	31
和	地区	31
和	健康	30
和平	的	21
和平	年代	16
和平	与	11
和平	解放	8
和平	发展	6
和平	示威	5
和平	示威者	5
和谐	的	19
和谐	相处	9
和谐	共生	7
和谐	稳定	6
和谐	美丽	5
和谐	发展	5
咬定	目标	6
咱们	的	5
咳嗽	等	7
咳嗽	或	5
品格	和	7
品牌	的	33
品牌	在	7
品牌	车型	7
品牌	二手车	7
品牌	和	6
品牌	旗下	5
品牌	中	5
品质	的	9
品质	与	6
品质	和	5
哄抬	价格	5
响亮	的	6
响应	级别	5
响起	了	5
哥哥	的	10
哩	的	6
哪	一个	15
哪	种	6
哪	天	5
哪个	国家	11
哪个	政党	7
哪些	是	11
哪些	人	9
哪怕	是	22
哪怕	只有	6
哪里	就	18
哪里	有	14
哪里	去	9
哪里	来	8
哪里	都	8
哪里	是	5
哪里	需要	5
哭	了	16
哭	着	8
哭	得	6
唐人街	的	6
唐太宗	的	10
唔	到	32
唔	好	27
唔	想	16
唔	使	13
唔	同	13
唔	可以	12
唔	知	12
唔	少	10
唔	算	6
唔	做	6
唔	多	6
唔	住	5
唔	容易	5
售价	为	9
唯一	的	56
唯一	一个	10
唯一	能	7
唯一	可以	5
唯一	出路	5
唯一	一位	5
唯有	如此	10
唱	着	5
唱	到	5
唱	的	5
唱歌	的	5
唱片	公司	7
啃	的	16
啃	最	7
商品	的	13
商品	和	8
商家	的	12
商家	在	11
商家	和	9
商店	的	11
商店	和	6
商贸	企业	5
啥	都	7
啥	的	5
啥	也	5
啦	啦	6
啼笑皆非	的	6
善	作为	17
善	担当	5
善于	斗争	15
善于	从	13
善于	运用	8
善于	学习	8
善于	发现	8
善于	在	5
善于	思考	5
善于	把	5
善于	抓	5
善待	自己	6
善良	的	20
喉	唾液	9
喊	口号	9
喊	了	7
喊	出	6
喊	着	5
喘	不过	6
喜欢	的	60
喜欢	吃	13
喜欢	我	10
喜欢	你	8
喜欢	用	7
喜欢	他	6
喜欢	这种	5
喜爱	的	10
喜闻乐见	的	10
喝	了	17
喝	的	9
喝	着	5
嘴	上	11
器材	的	5
噪音	的	5
囚	人士	14
囚犯	的	6
四个	意识	110
四个	自信	99
四个	全面	14
四个	字	8
四个	月	7
四个	人	6
四个	服从	5
四中全会	精神	11
四分之一	的	6
四分之三	的	6
四周	的	5
四年	的	10
四年	前	9
四次	全会	16
四次	全会精神	7
四款	车	5
四种	形态	19
四类	人员	6
回	了	14
回	想起	5
回到	了	25
回到	家	12
回到	自己	7
回到	家里	6
回到	家乡	5
回升	至	5
回去	上班	5
回国	的	8
回国	后	7
回复	记者	6
回头	看	26
回家	的	17
回家	后	12
回家	了	10
回应	称	18
回应	群众	12
回归	正常	6
回忆	说	21
回忆	道	7
回忆录	中	5
回收	的	6
回望	历史	7
回来	的	24
回来	了	16
回来	后	9
回港	的	8
回答	说	12
回答	了	10
回答	的	6
回答	记者	5
回答	道	5
回落	至	6
回避	的	5
回顾	了	8
因	疫情	88
因	其	27
因	感染	13
因	工作	10
因	病	9
因	政治	7
因	不	7
因	被	6
因	复工	5
因	政府	5
因	改革开放	5
因为	他们	41
因为	他	33
因为	有	30
因为	我们	26
因为	它	24
因为	在	20
因为	我	19
因为	这	18
因为	是	16
因为	疫情	16
因为	你	15
因为	她	11
因为	没有	11
因为	这些	10
因为	如此	10
因为	自己	10
因为	这样	9
因为	这个	9
因为	当时	9
因为	这是	8
因为	只有	8
因为	它们	8
因为	一些	7
因为	不	6
因为	中国	5
因为	美国	5
因为	大家	5
因此	在	32
因此	被	17
因此	而	15
因此	他	12
因此	要	8
因此	也	8
因此	可以	7
因此	她	7
因此	需要	6
因此	不	6
因此	有	5
因此	希望	5
因此	对	5
因此	我们	5
因素	的	12
因素	是	9
因素	之一	8
因素	影响	5
因而	在	7
团	的	16
团圆	的	6
团结	带领	32
团结	在	14
团结	协作	9
团结	的	8
团结	群众	6
团结	和	5
团队	的	14
团队	也	8
团队	在	8
团队	成员	5
园区	企业	5
困	措施	13
困	法案	8
困境	的	5
困惑	和	5
困扰	基层	25
困难	的	46
困难	和	32
困难	面前	8
困难	时	6
困难	多	6
困难	是	5
困难	挑战	5
困难	问题	5
困难	群体	5
困难群众	的	6
围绕	着	10
围绕	中心	6
围观	的	5
固定	的	14
固态	硬盘	8
固有	的	5
固然	是	7
国	同心	13
国	的	6
国人	的	7
国内	的	28
国内	国际	26
国内	大	24
国内	疫情	8
国内	和	6
国内	经济	6
国内	市场	5
国内	消费者	5
国内外	形势	9
国务卿	迈克	9
国务院	联防	7
国务院	总理	7
国务院	决策	7
国外	的	12
国外	疫情	5
国家	的	216
国家	安全	94
国家	治理	82
国家	和	69
国家	新	33
国家	主席	24
国家	发展	24
国家	都	18
国家	开好局	15
国家	制度	14
国家	战略	13
国家	在	11
国家	也	11
国家	富强	11
国家	卫生	10
国家	层面	10
国家	粮食安全	10
国家	利益	10
国家	有	9
国家	安全法	9
国家	对	9
国家	提供	8
国家	发改委	8
国家	之一	8
国家	重大	8
国家	法律	8
国家	监察	8
国家	领导人	7
国家	来说	7
国家	能	7
国家	开始	7
国家	荣誉称号	7
国家	就	7
国家	经济	7
国家	号召	6
国家	统一	6
国家	重点	6
国家	重点保护	6
国家	政策	5
国家	有难	5
国庆	档	6
国民	的	5
国民党	军	62
国民党	军队	19
国民党	的	13
国民党	反动派	9
国民党	顽固派	7
国民党	海军	6
国民党	政府	6
国民党	第	5
国民党	空军	5
国民党	当局	5
国民经济	和	16
国立	西北	8
国际	社会	61
国际	机场	27
国际	合作	22
国际	关系	16
国际	疫情	12
国际	学生	11
国际	秩序	11
国际	上	11
国际	国内	11
国际	地位	10
国际	组织	10
国际	市场	9
国际	环境	8
国际	进口	7
国际	经济	7
国际	卫生	7
国际	师	6
国际	文化	5
国际	会展中心	5
国际	关注	5
国际	大	5
国际	的	5
图片	来自	5
圆满	收官	9
圈	中	10
土地	上	19
土地	的	10
土地	流转	7
土地	资源	5
土木工程	拓展	5
圣人	之道	6
在	疫情	446
在	中国	243
在	社交	176
在	一起	165
在	这	159
在	香港	153
在	新	153
在	这个	147
在	他	133
在	美国	132
在	今年	132
在	这里	124
在	工作	124
在	家中	109
在	新冠	108
在	此	105
在	我	102
在	全国	101
在	这场	98
在	全球	95
在	其	94
在	自己	93
在	了	92
在	北京	92
在	我们	92
在	基层	82
在	一个	72
在	加拿大	68
在	武汉	65
在	接受	64
在	上	63
在	脱贫	63
在	一线	63
在	家里	62
在	党	61
在	日本	61
在	网上	60
在	过去	58
在	加州	57
在	与	56
在于	它	8
在于	我们	5
在位	於	15
在内	的	88
在场	的	13
在外	的	7
在家	工作	58
在家	的	7
在家	办公	6
在家	隔离	6
在家	上班	5
在建	省	7
在思想上	政治	19
在线	记者	33
在线	上	10
在线	下	7
在群众中	的	6
在职	党员	6
在讲话中	指出	5
地	的	56
地	将	30
地	对	28
地	在	28
地	把	23
地	进行	18
地	看到	18
地	工作	15
地	与	15
地	做好	15
地	走	14
地	完成	14
地	和	13
地	了解	13
地	给	12
地	开展	12
地	说	12
地	对待	11
地	认识	11
地	回答	11
地	表示	10
地	气	10
地	发挥	10
地	投入	9
地	服务	9
地	讲	9
地	做	9
地	指出	8
地	从	8
地	发现	8
地	反映	8
地	告诉	8
地	控制	8
地	都	8
地	离开	7
地	就	7
地	帮助	7
地	团结	7
地	看着	6
地	学习	6
地上	的	14
地下	党组织	7
地位	的	19
地位	和	11
地区	的	93
地区	各	12
地区	和	11
地区	要	7
地区	崛起	6
地区	有	5
地区	进行	5
地区	发展	5
地图	上	9
地形	和	6
地摊	经济	11
地方	政府	80
地方	的	66
地方	都	28
地方	去	17
地方	官员	12
地方	武装	10
地方	和	10
地方	也	7
地方	在	6
地方	组织	6
地方	经济社会	5
地毯式	排查	6
地点	的	7
地球	上	35
地球	的	17
地球	变暖	5
地理	标志	6
地缘	政治	19
地面	上	9
地面	的	6
场所	的	5
均	有	41
均	为	21
均	可	17
均	在	13
均	已	13
均	是	12
均	由	10
均	被	10
均	表示	8
均	能	7
均	出现	7
均	以	7
均	未	7
均	采用	6
均	曾	6
均	配备	6
均	有所	5
均	需	5
坎坷	的	5
坏	了	14
坐	着	25
坐	了	11
坐	上	10
坐	三个	8
坐	的	6
坐下	来	9
坐在	一起	8
坐在	办公室	6
坐落	在	13
块	大洋	5
坚决	打赢	37
坚决	维护	27
坚决	防止	25
坚决	杜绝	23
坚决	反对	23
坚决	做到	19
坚决	制止	17
坚决	克服	16
坚决	贯彻落实	15
坚决	完成	13
坚决	纠正	12
坚决	遏制	11
坚决	落实	11
坚决	夺取	10
坚决	的	9
坚决	查处	9
坚决	不	8
坚决	抵制	8
坚决	破除	7
坚决	把	7
坚决	服从	6
坚决	打	5
坚决	不能	5
坚决	扛起	5
坚决	防范	5
坚固	的	10
坚守	在	27
坚守	的	12
坚守	初	9
坚守	和	8
坚守	共产党人	6
坚守	住	5
坚守	底线	5
坚定	的	67
坚定	理想信念	45
坚定	地	13
坚定	了	12
坚定	信仰者	8
坚定	自己	7
坚定	决心	7
坚定	信仰	6
坚定	政治	5
坚定	维护	5
坚定	者	5
坚定	前行	5
坚定	政治立场	5
坚定不移	地	11
坚定不移	走	8
坚定不移	的	8
坚定不移	把	7
坚定不移	推进	5
坚实	的	30
坚实	保障	5
坚强	领导	45
坚强	的	32
坚强	保障	18
坚强	作风	18
坚强	组织	11
坚强	战斗	7
坚强	后盾	6
坚强	政治	6
坚强	纪律	6
坚强	保证	5
坚强有力	的	10
坚忍不拔	的	9
坚持	以	107
坚持	和	60
坚持	把	44
坚持	人民	39
坚持	问题	31
坚持	党	30
坚持	党的领导	25
坚持	用	21
坚持	在	21
坚持	正确	20
坚持	的	19
坚持	稳中求进	14
坚持	从	13
坚持	学习	13
坚持	实事求是	13
坚持	德才兼备	12
坚持	走	12
坚持	底线	11
坚持	科学	11
坚持	到	9
坚持	新	9
坚持	中国共产党	9
坚持	创新	8
坚持	全心全意	8
坚持	无	8
坚持	一切	8
坚持	抗战	7
坚持	自己	7
坚持	党建	7
坚持	严管	7
坚持	做	7
坚持	全面	6
坚持	了	6
坚持	认为	6
坚持	要	6
坚持	理论	6
坚持	中国	6
坚持	党中央	6
坚持	依法	5
坚持	为	5
坚持不懈	的	8
坡	老公	5
坦克	的	13
坦克	和	5
坦言	自己	6
垃圾	分类	26
垃圾	的	9
垃圾	和	6
型	的	10
型	患者	5
埋	在	13
埋	下	5
埋下	了	6
埋伏	在	8
埋头苦干	的	7
城	的	9
城乡	社区	9
城乡	融合	5
城内	的	8
城市	的	100
城市	和	18
城市	中	17
城市	都	14
城市	管理	13
城市	里	12
城市	建设	12
城市	治理	10
城市	之一	8
城市	在	7
城市	发展	6
城市	社区	6
城市	更	5
城市	文明	5
城里	的	6
培养	和	17
培养	造就	13
培养	选拔	13
培养	了	9
培养	学生	8
培养	节约	8
培养	锻炼	7
培养	选拔干部	5
培养	自己	5
培养	忠诚	5
培育	和	12
培育	壮大	6
培训	的	12
培训	和	7
培训	机构	6
培训	力度	6
培训	学校	5
培训班	开班式	18
基	於	55
基因	序列	7
基因	和	5
基地	的	19
基地	等	7
基层	党组织	186
基层	的	85
基层	党建	44
基层	减负	42
基层	治理	42
基层	一线	38
基层	党员干部	28
基层	工作者	21
基层	群众	18
基层	基础	13
基层	是	13
基层	社会	12
基层	党员	11
基层	代表	10
基层	工作人员	10
基层	负担	9
基层	调研	9
基层	扶贫	9
基层	公共服务	8
基层	和	8
基层	延伸	7
基层	实际	6
基层	社区	6
基层	政府	6
基层	党支部	6
基层	形式主义	6
基层	纪检	5
基层	纪检监察	5
基层	公务员	5
基层	党务	5
基层工作	的	11
基层工作	中	9
基层工作	经验	6
基层干部	的	33
基层干部	要	20
基层干部	轻装上阵	7
基层干部	是	6
基层干部	群众	5
基层干部	队伍	5
基层干部	干事	5
基层建设	的	5
基层组织	建设	13
基层组织	是	6
基本	的	43
基本	要求	21
基本	都	21
基本	实现	21
基本	民生	16
基本	生活	16
基本	经济	11
基本	情况	11
基本	原则	10
基本	遵循	10
基本	完成	9
基本	可以	8
基本	方略	8
基本	需求	7
基本	职责	7
基本	制度	7
基本	是	6
基本	盘	5
基本	依据	5
基本	形成	5
基本	建成	5
基本	没有	5
基本上	都	14
基本上	是	9
基本上	没有	6
基本面	没有	6
基础	上	94
基础	的	15
基础	和	13
基础	工作	11
基础	研究	7
基础	之上	5
基础设施	建设	18
基础设施	的	7
基础设施	项目	5
基调	长期	8
基金	的	7
堂	吃	7
堂	食	6
堡垒	和	5
塑造	了	7
填海	巷	10
境外	输入	16
境外	疫情	15
境外	的	7
增加	了	148
增加	的	29
增加	到	26
增加	至	21
增强	了	14
增强	党	13
增强	政治	12
增强	人民	10
增强	斗争	10
增强	忧患意识	10
增强	学习	8
增强	对	8
增强	信心	7
增强	群众	7
增强	基层	6
增强	创新	5
增强	思想	5
增强	服务	5
增收	致富	9
增收	的	5
增添	了	19
增设	了	5
增进	人民	11
增长	的	31
增长	了	18
增长	才干	16
增长	态势	7
增长	和	7
增长	见识	6
墨西哥	的	5
士兵	在	8
士兵	委员会	6
士兵	被	6
士气	低落	5
壮	筋骨	5
壮丽	的	6
壮观	的	5
声明	中	23
声明	中说	18
声明	说	7
声称	自己	5
处	的	7
处于	实现	8
处于	百年	6
处在	最	5
处处	是	5
处理	好	15
处理	问题	11
处理	方式	10
处理	的	8
处理	疫情	5
处罚	力度	6
备受	关注	9
备受	鼓舞	6
复	产后	5
复兴	的	136
复兴	中国	20
复兴	而	15
复兴	关键时期	6
复兴	之	6
复工	率	11
复工	的	11
复工	人员	7
复工	复	6
复工	企业	6
复工	后	6
复工	了	5
复杂	的	67
复杂	形势	20
复杂	局面	12
复杂	环境	9
复杂	严峻	6
复杂	变化	5
复杂	问题	5
复苏	的	7
夏天	的	8
夏季	的	5
外	的	45
外	在	12
外	接手	6
外	用餐	5
外交	和	7
外交	的	5
外交部	发言人	6
外出	的	8
外出	务工	7
外出	活动	6
外出	务工人员	5
外出	及	5
外出	工作	5
外卖	小哥	13
外卖	平台	5
外卖	员	5
外国	的	7
外国	记者	5
外国	留学生	5
外国人	的	7
外地	的	6
外星	文明	5
外界	的	15
外界	对	6
外界	普遍	6
外科	口罩	35
外籍	工人	18
外部	势力	5
外部环境	变化	8
外面	的	18
多	的	551
多	了	126
多	人	81
多	大	48
多	做	45
多	是	36
多	於	33
多	说	21
多	时间	17
多	听	15
多	地	14
多	小时	14
多	在	12
多	高	10
多	看	9
多	起	9
多	吃	9
多	有	8
多	想	8
多	国	8
多	可	8
多	精力	7
多	只能	7
多	获得	7
多	信息	7
多	了解	6
多	关注	6
多	部门	6
多	的话	6
多	支持	6
多	不	6
多	学习	6
多	和	5
多	走	5
多	好	5
多	病人	5
多	新	5
多	壮志	5
多	更	5
多	蒙特	5
多万	人	11
多个	国家	22
多个	方面	5
多么	的	13
多人	的	8
多伦多	大学	8
多余	的	11
多元	的	17
多元	文化	6
多元化	的	15
多功能	方向盘	10
多半	是	5
多大	的	6
多少	人	30
多少	钱	11
多少	年	9
多少	次	5
多岁	的	15
多年	的	76
多年	来	52
多年	前	23
多年	后	12
多数	人	11
多方面	的	19
多日	的	6
多月	的	16
多样	的	6
多样化	的	5
多次	强调	11
多次	在	10
多次	被	8
多次	向	6
多次	召开	5
多种	方式	8
多见	具体	5
多边	主义	9
夜	期初	7
夜空	中	8
够	了	7
大	的	197
大	流行	183
大	以来	92
大	数据	43
大	了	35
大	报告	27
大	循环	25
大	和	20
大	食堂	19
大	环境	19
大	背景	19
大	地上	18
大	爆炸	17
大	经济体	14
大	公司	11
大	贡献	11
大	问题	11
大	做	10
大	流行病	10
大	呼吸	10
大	地震	9
大	熔炉	9
大	范围	9
大	市场	9
大	概率	8
大	品牌	8
大	喇叭	8
大	部队	8
大	数据分析	8
大	尺寸	8
大	剧院	7
大	精神	7
大	女儿	7
大	韩	7
大	山里	7
大	决心	7
大	搞	7
大	事件	6
大	生产	6
大	力度	6
大事	的	18
大事	难事	7
大事	小事	6
大事	要事	5
大众	的	13
大众	奥迪	6
大众	品牌	5
大会	上	23
大会	的	7
大别山	区域	11
大力	弘扬	36
大力	推进	22
大力	实施	12
大力	选拔	9
大力	整治	8
大力	宣传	8
大力	倡导	5
大力支持	下	7
大厅	里	6
大国	的	10
大地	颂歌	50
大地	的	7
大型	的	15
大型	史诗	8
大型	企业	7
大城市	的	13
大多	是	20
大多	都	10
大多	来自	5
大多	在	5
大多数	人	29
大多数	是	6
大多数	的	5
大大	提升	9
大大	地	5
大大小小	的	11
大学	的	31
大学	毕业生	5
大学	是	5
大家	都	151
大家	的	68
大家	可以	19
大家	要	19
大家	一起	18
大家	在	18
大家	也	17
大家	对	14
大家	不要	13
大家	分享	10
大家	带来	8
大家	说	8
大家	看到	7
大家	能	7
大家	还	7
大家	安全	6
大家	好	6
大家	不	6
大家	一定	6
大家	就	6
大家	是	6
大家	介绍	5
大家	去	5
大家	共同	5
大家	可能	5
大家庭	的	8
大小	的	13
大局	稳定	11
大局	中	5
大幅	增加	22
大幅	下降	18
大幅	提升	13
大幅	下跌	8
大幅	上升	8
大幅	降低	8
大幅	增长	5
大张旗鼓	地	6
大批	示威者	8
大无畏	的	6
大是大非	面前	12
大有可为	的	5
大概	是	13
大概	在	5
大气	的	5
大河	局	11
大法官	的	8
大法官	提名	6
大爱	无疆	6
大约	有	17
大约	在	7
大约	是	6
大考	中	12
大胆	的	12
大自然	的	13
大自然	中	6
大街	上	13
大衣	哥	8
大规模	的	16
大选	的	8
大选	结果	8
大选	中	5
大选	前	5
大道	的	10
大道	上	9
大道	和	5
大部分	的	20
大部分	人	15
大部分	都	14
大部分	时间	14
大部分	是	10
大部分	地区	8
大部分	消费者	5
大都	是	9
大量	的	92
大门	的	5
大队	大队长	7
大队	的	5
大陆	的	18
大麻	合法化	7
天	的	67
天	时间	9
天	左右	7
天	医学观察	6
天	平均	6
天	就	5
天	以上	5
天下	的	6
天下	之	5
天大	的	12
天文台	在	6
天文台	表示	5
天河	潭	5
天然	的	7
天生	的	8
天空	中	5
太	多	71
太	大	22
太	古城	8
太	过于	7
太	辛苦	7
太	长	6
太	不	6
太多	的	17
太多	了	13
太大	的	7
太太	的	7
太子	站	5
太子	牌	5
太小	了	5
太空	人	12
太空	探索	6
太累	了	6
太阳	的	15
太阳系	中	5
太难	了	8
央视	记者	5
夯实	基层	9
夯实	了	5
夯实	党	5
失业	金	8
失业	人员	5
失业	的	5
失去	了	79
失去	工作	16
失去	的	11
失去	信心	7
失去	理智	5
失控	撞	5
失望	的	7
失职	渎职	6
失落	的	5
失败	的	35
失败	后	14
失败	了	11
头疼	的	6
夺取	脱贫	20
夺取	疫情	14
夺取	全面	9
夺取	新	8
夺取	了	6
奇妙	的	7
奇怪	的	18
奇特	的	6
奇迹	的	8
奉献	的	36
奉献	自己	11
奉献	中	5
奋力	夺取	10
奋力	谱写	6
奋力	创造	6
奋发有为	的	13
奋战	在	62
奋战	的	6
奋斗	的	54
奋斗	精神	17
奋斗	在	16
奋斗	姿态	15
奋斗	中	14
奋斗	终身	9
奋斗	和	7
奋斗	出来	5
奋斗目标	的	28
奋斗目标	进军	6
奋斗目标	和	6
奋进	的	9
奋进	者	7
奋进	新	6
奔	向	13
奔	着	6
奔小康	的	6
奔赴	武汉	6
奔赴	一线	6
奔跑	在	5
奕	迅	6
奠定	了	30
奠定	坚实基础	6
奢靡	之风	5
奥运会	的	8
奥迪	二手车	13
奥迪	官方	5
女	的	19
女	同志	10
女	学生	10
女	主人公	6
女	乘客	5
女	商人	5
女	死者	5
女人	的	11
女儿	的	8
女友	的	5
女士	的	11
女士	说	6
女士	表示	5
女士	在	5
女子	在	14
女子	的	13
女子	涉嫌	9
女子	於	5
女子	民兵	5
女孩	的	8
女性	的	16
女性	在	11
女排	精神	5
女生	的	5
她	的	376
她	在	107
她	说	82
她	又	77
她	是	59
她	表示	58
她	也	46
她	和	34
她	曾	33
她	指	33
她	就	30
她	还	28
她	亦	26
她	指出	23
她	有	20
她	不	20
她	笑	20
她	被	19
她	很	19
她	都	18
她	没有	16
她	於	15
她	已	15
她	对	14
她	更	13
她	用	13
她	透露	13
她	与	12
她	把	12
她	认为	12
她	看到	12
她	一直	11
她	直言	11
她	坦言	11
她	希望	11
她	所	9
她	可以	9
她	相信	9
她	感到	9
她	要	9
她们	的	16
她们	在	6
她们	都	5
好	的	330
好	了	67
好	干部	49
好	在	43
好	自己	43
好	新	20
好	脱贫	20
好	有	19
好	工作	16
好	想	16
好	口罩	14
好	快	14
好	朋友	14
好	地	13
好	人民	12
好	群众	12
好	起来	12
好	每	12
好	疫情	12
好	经验	10
好	发展	10
好	政策	10
好	习惯	10
好	做法	9
好	啊	9
好	监督	8
好	吧	8
好	地方	8
好	家风	8
好	人才	7
好	最	7
好	是	7
好	用	7
好	吗	7
好	打赢	7
好	兄弟	7
好	一江	6
好	心情	6
好	几天	6
好	几次	6
好像	是	19
好像	也	9
好像	在	6
好像	没有	5
好吃	的	8
好多	人	13
好多	了	7
好奇	的	6
好好	的	10
好好	地	6
好比	是	6
好消息	是	7
好看	的	14
如	有	22
如	在	16
如	市民	5
如	出现	5
如	非必要	5
如今	的	29
如今	已	12
如今	在	5
如何	在	35
如何	让	18
如何	处理	15
如何	更好	11
如何	应对	11
如何	能	10
如何	去	8
如何	呢	8
如何	把	7
如何	才能	6
如何	被	6
如何	进一步	5
如何	对	5
如何	做好	5
如何	影响	5
如何	解决	5
如何	保证	5
如期	实现	18
如期	於	5
如期	脱贫	5
如期	高质量	5
如果	你	112
如果	是	51
如果	没有	47
如果	不	47
如果	有	46
如果	我们	35
如果	要	22
如果	不是	22
如果	在	21
如果	我	17
如果	把	15
如果	疫情	15
如果	您	15
如果	他	14
如果	不能	14
如果	一个	14
如果	有人	13
如果	中国	11
如果	再	11
如果	能	10
如果	政府	9
如果	可以	8
如果	对	8
如果	只是	8
如果	想	8
如果	自己	8
如果	真的	8
如果	他们	8
如果	需要	7
如果	美方	6
如果	它	6
如果	美国	6
如果	孩子	6
如果	这	6
如果	出现	5
如果	所有	5
如此	的	15
如此	前	6
如此	才能	6
如此	才	5
如约	而	5
妈妈	的	12
妻子	和	11
妻子	的	11
妻子	在	6
始	於	8
始建	于	10
始终	坚持	88
始终	把	67
始终	做到	23
始终	与	18
始终	是	18
始终	在	15
始终	牢记	14
始终	同	10
始终	没有	9
始终	以	9
始终	坚守	9
始终	站	7
始终	要	7
始终	不	6
始终	走	5
始终	不忘	5
始终	处于	5
始终保持	政治	6
始终保持	清醒	6
始终保持	同	5
姐姐	的	7
姓名	的	6
姓名	和	6
委员会	的	18
委员会	主席	8
姿态	和	5
威权	主义	7
威胁	的	13
威胁	和	7
威胁	中国	6
娥	表示	18
娥	在	7
娥	指	7
娥	晚上	5
娶	了	6
婚姻	的	12
婚姻	和	5
媒体	上	40
媒体	的	37
媒体	和	15
媒体	平台	10
媒体	中心	10
媒体	记者	9
媒体	对	8
媒体	融合	8
媒体	发布	7
媒体	深度	7
媒体	采访	6
媒体	传播	6
媒体	人	6
媒体	在	6
媒体	大会	5
媒体	驻美	5
媒体	曝光	5
媒体	时代	5
嫦娥	五号	5
子女	的	19
孖	展	10
字	的	13
字母	哥	12
字节	跳动	32
存在	的	139
存在	着	31
存在	于	11
存在	一些	10
存在	一定	10
存在	问题	8
存在	感	8
存在	了	7
存在	很大	6
存在	重大	5
存在	分歧	5
存在	明显	5
存在	一个	5
存放	在	6
孟	书记	8
季	的	7
孤独	的	15
孤立	的	12
学	原文	10
学	的	5
学	有所	5
学习	贯彻	87
学习	的	73
学习	和	36
学习	教育	24
学习	习近平	21
学习	中	19
学习	时	18
学习	宣传	14
学习	领会	13
学习	好	12
学习	是	10
学习	了	9
学习	新	9
学习	党章	9
学习	能力	8
学习	他们	8
学习	工作	7
学习	先进	7
学习	与	6
学习	成果	6
学习	上	6
学习	方式	6
学习	情况	6
学习	内容	6
学习	兴趣	5
学习	榜样	5
学习	理论知识	5
学习	党史	5
学习	借鉴	5
学习	理论	5
学习	计划	5
学习	作为	5
学习	成效	5
学习	中心组	5
学会	了	24
学会	爱	6
学会	用	5
学懂	弄通	16
学期	中央党校	11
学校	的	44
学校	和	15
学校	里	9
学校	都	8
学校	留守	7
学校	将	6
学校	教育	6
学校	要	6
学校	学习	6
学校	对	5
学校	也	5
学生	的	70
学生	们	33
学生	和	16
学生	在	14
学生	都	11
学生	对	7
学生	树立	5
学生	进行	5
学生	参与	5
学生	提供	5
学生	中	5
学院	的	12
学院	教授	5
学院	院长	5
孩子	的	103
孩子	们	97
孩子	在	18
孩子	都	12
孩子	就	8
孩子	是	8
孩子	也	7
孩子	被	7
孩子	有	7
孩子	成长	6
孩子	身上	6
孩子	去	6
孩子	送到	6
孵化	基地	5
宁乡	市	12
宁静	的	5
它	的	206
它	是	86
它	在	25
它	还	22
它	就	19
它	将	18
它	能	17
它	可以	17
它	有	16
它	也	13
它	与	12
它	可能	9
它	已经	9
它	对	9
它	不仅	8
它	都	8
它	所	8
它	给	7
它	不	7
它	没有	6
它	就是	6
它	很	6
它	是否	5
它	让	5
它	又	5
它	应该	5
它	为	5
它	却	5
它	比	5
它们	的	34
它们	会	8
它们	是	8
它们	都	6
它们	在	6
它们	之间	5
宅	在	9
宇宙	的	16
宇宙	中	12
宇宙	是	5
守	初心	15
守	在	11
守	着	9
守	底线	6
守住	底线	8
守住	自己	6
守住	初	5
守土	尽责	21
守土	担责	8
守土	负责	6
守夜	活动	6
守护	好	15
守护	人民	6
守望相助	的	5
守纪律	讲	5
安	省	13
安倍	表示	5
安全	的	170
安全	和	61
安全	立法	31
安全	生产	27
安全	及	27
安全	方面	15
安全	保障	14
安全	问题	13
安全	地	12
安全	公署	11
安全	中心	11
安全	犯罪案件	10
安全	防护	9
安全	稳定	9
安全	是	9
安全	地方	9
安全	有效	9
安全	技术	7
安全	距离	7
安全	等	7
安全	有序	7
安全	配置	7
安全	社交	6
安全	风险	6
安全	发展	6
安全	健康	5
安全	为	5
安全	法律	5
安全	屏障	5
安全	地带	5
安全	教育	5
安全性	和	5
安全法	的	5
安内	的	5
安危	的	5
安危冷暖	放在心上	9
安宁	的	6
安康	的	5
安心	的	5
安排	的	23
安排	在	18
安排	了	12
安排	到	10
安排	部署	10
安排	入住	8
安排	工作	7
安排	上	7
安排	他	7
安排	接受	5
安置	在	9
安置	点	7
安置	房	5
安身立命	的	7
安静	的	9
完	了	42
完	的	22
完全	是	46
完全	不	25
完全	可以	23
完全	不同	18
完全	没有	17
完全	有	14
完全	的	9
完全	胜利	8
完全	康	7
完全	控制	6
完全	消失	6
完全	冇	5
完全	统计	5
完全	由	5
完善	发展	24
完善	的	23
完善	中国	10
完善	和	10
完善	制度	7
完善	自己	6
完善	党的领导	6
完善	监督	5
完善	党内	5
完善	工作	5
完备	的	8
完好	的	6
完成	了	84
完成	的	36
完成	任务	17
完成	脱贫	15
完成	好	10
完成	后	8
完成	工作	7
完成	自己	7
完成	这项	6
完成	各项	6
完成	艰巨	6
完成	情况	5
完成	全年	5
完成	投票	5
完整	的	49
完毕	后	6
完美	的	28
完美	关系	7
宗	病例	16
宗	新型	13
宗	死亡	10
宗	初步	10
宗	本地	8
宗	呈	7
宗	成交	6
宗	新增	6
宗	的	5
宗旨	意识	19
宗旨	是	14
宗旨	和	10
官僚主义	问题	24
官僚主义	的	15
官僚主义	是	6
官僚主义	等	5
官兵	在	5
官员	们	31
官员	的	24
官员	表示	17
官员	和	15
官员	在	14
官员	说	13
官员	称	9
官员	已	6
官员	周四	5
官员	与	5
官员	都	5
官场	文化	5
官方	媒体	18
官方	微博	16
官方	的	13
官方	数据	9
官方	通报	6
官方	认证	5
定	能	13
定	会	12
定	在	7
定	於	6
定	了	5
定	的	5
定下	的	8
定义	为	5
定位	和	6
定期	开展	7
定期	更换	5
定期	向	5
定格	在	7
定点	救治	5
宜居	的	5
宝贵	的	39
宝贵	经验	18
宝贵	精神财富	9
实事求是	的	13
实体	经济	19
实力	的	10
实在	是	18
实在	的	7
实在	太	6
实地	调研	5
实实在在	的	42
实干	兴邦	12
实干	的	12
实干	担当	6
实干	实效	5
实惠	的	6
实打实	的	5
实施	的	24
实施	了	18
实施	乡村	18
实施	创新	10
实施	精准	9
实施	意见	6
实现	中华民族	133
实现	了	95
实现	全面	31
实现	中国	19
实现	的	18
实现	自己	16
实现	新	15
实现	民族	15
实现	人民	14
实现	社会主义	14
实现	伟大	14
实现	第一个	12
实现	脱贫	11
实现	自我	11
实现	好	11
实现	高质量	10
实现	从	9
实现	个人	8
实现	乡村	8
实现	共产主义	7
实现	对	7
实现	精准	7
实现	梦想	6
实现	国家	6
实现	决胜	6
实现	两个	6
实现	党	6
实现	共同富裕	5
实现	这一	5
实现	全年	5
实现	现代化	5
实现	自身	5
实用	的	5
实绩	突出	5
实行	的	7
实质	上	13
实质	是	5
实质性	的	5
实践	中	73
实践	的	30
实践	锻炼	25
实践	要求	12
实践	和	11
实践	是	8
实践	工作	8
实践	活动	7
实践	检验	7
实践	创新	5
实践	学习	5
实践	相结合	5
实际	问题	80
实际	情况	38
实际	工作	35
实际	的	20
实际	出发	14
实际	成效	8
实际	和	6
实际	体验	6
实际上	是	21
实际上	就是	10
实际上	在	6
实际上	也	6
实际行动	践行	16
实际行动	诠释	11
实验室	的	6
审批	程序	6
审查	调查	12
审查	的	6
审议	通过	20
审议	时	10
客人	的	8
客户	的	14
客户	提供	5
客户端	记者	5
客观	上	10
客观	实际	7
客观	公正	7
客观	的	6
宣传	引导	13
宣传	工作	12
宣传	群众	10
宣传	贯彻	10
宣传	的	9
宣传	力度	9
宣传	标语	8
宣传	和	7
宣传	活动	5
宣传	党	5
宣布	了	31
宣布	将	14
宣布	的	13
宣布	取消	12
宣布	进入	7
宣布	自己	7
宣布	今年	5
宣布	在	5
宣布	把	5
宣布	对	5
宣布	拜登	5
室	的	10
室	等	6
室内	的	5
宪法	赋予	5
害怕	被	8
害怕	的	6
宵禁	令	11
家	的	30
家	公司	14
家	分行	9
家	企业	6
家	和	6
家	规模	5
家中	的	27
家中	有	6
家中	工作	5
家乡	的	15
家人	的	29
家人	和	19
家人	在	10
家人	都	6
家人	也	6
家属	的	9
家庭	的	47
家庭	和	21
家庭	都	14
家庭	提供	10
家庭	及	10
家庭	生活	8
家庭	美德	7
家庭	在	7
家庭	农场	5
家庭	或	5
家族	的	8
家族	设计	5
家里	的	34
家里	有	20
家里	也	7
家里	就	6
家长	们	18
家长	的	13
家长	和	10
家门口	就业	6
家风	建设	9
家风	是	7
家风	家教	5
容易	被	17
容易	的	13
容易	在	8
容易	受到	8
容易	导致	7
容易	出现	7
容易	就	7
容易	让	7
容易	产生	6
容易	造成	5
容易	引发	5
容量	的	7
容错	纠错	12
宽	肩膀	7
宽大	的	5
宽容	的	5
宽广	的	7
宽阔	的	12
宾馆	的	5
宿舍	的	11
寂静	的	6
寄	投票	24
寄托	在	10
寄给	了	5
密切	留意	24
密切	关注	22
密切	的	9
密切	沟通	5
密切	跟	5
密切接触	者	34
密切相关	的	5
密切联系	群众	18
密密麻麻	的	6
密集	的	23
密集	场所	6
富	起来	16
富	二代	6
富强	的	5
富有	的	6
富裕	的	13
富饶	美丽	7
寒冷	的	16
察	实情	5
对	中国	146
对	自己	100
对	他	86
对	我	79
对	我们	62
对	其	62
对	人民	59
对	你	55
对	疫情	53
对	美好生活	51
对	他们	43
对	美国	40
对	党员干部	34
对	这	31
对	新冠	30
对	社会	29
对	国家	29
对	新	29
对	党	28
对	她	27
对	群众	25
对	香港	24
对	这个	23
对	学生	23
对	所有	22
对	本文	22
对	着	22
对	干部	22
对	这些	22
对	一个	21
对	人	21
对	的	20
对	该	20
对	工作	20
对	在	20
对	一些	20
对	他人	19
对	政府	19
对	它	19
对	那些	18
对于	我们	16
对于	中国	13
对于	一个	12
对于	那些	12
对于	这	9
对于	他	8
对于	这个	6
对于	这些	6
对于	新冠	6
对于	年轻干部	6
对于	我	5
对于	这种	5
对于	疫情	5
对偶	层次	10
对偶	聚集	9
对党	忠诚	39
对党	的	22
对党	绝对	8
对华	为	6
对口	帮扶	17
对口	支援	16
对外	关系	6
对外	公布	5
对外开放	的	6
对应	的	8
对待	工作	8
对待	自己	5
对待	群众	5
对抗	的	9
对抗	疫情	8
对抗	疫	8
对方	的	24
对标	对表	9
对照	党章	6
对立	的	8
对象	的	16
对象	是	5
对面	的	6
寻常	的	7
寻找	一个	6
寻找	到	5
寻求	帮助	5
导向	和	5
导致	的	34
导致	了	24
导致	疫情	6
导致	其	5
封城	措施	10
封锁	了	8
封锁	措施	5
封闭	的	10
封闭	管理	8
封闭式	管理	5
射	向	5
将	在	131
将	其	84
将	于	57
将	是	52
将	自己	50
将	对	41
将	继续	41
将	为	41
将	成为	28
将	进一步	28
将	被	27
将	从	24
将	以	24
将	他	20
将	有	18
将	把	17
将	这些	17
将	他们	17
将	会	16
将	持续	16
将	与	16
将	疫情	15
将	中国	15
将	我	14
将	这	14
将	进入	14
将	美国	12
将	如何	12
将	向	12
将	更	11
将	个人	11
将	通过	11
将	带来	11
将	群众	11
将	根据	11
将	使	10
将	就	10
将	面临	10
将	她	9
将	迎来	9
将军	的	13
将来	的	5
将来	容易	5
尊严	和	7
尊严	的	6
尊重	和	21
尊重	科学	17
尊重	自己	6
尊重	别人	5
尊重	他	5
尊重	人民	5
小	的	39
小	程序	26
小	商家	22
小	问题	10
小	概率	10
小	约瑟夫	9
小	彭	9
小	了	8
小	和尚	8
小	长假	8
小	插曲	7
小	我	6
小	三	6
小	刘	6
小	城市	5
小	哥哥	5
小	吴	5
小	部分	5
小	故事	5
小	就	5
小	恍	5
小	肚皮	5
小事	做起	9
小伙伴	们	8
小区	的	11
小区	改造	6
小孩	的	10
小康	的	17
小康	决战	10
小康社会	的	46
小康社会	提供	19
小康社会	目标	11
小康社会	和	10
小微	企业	11
小微	权力	5
小心翼翼	地	6
小心翼翼	的	5
小时	的	36
小时	内	21
小时	后	10
小时	就	8
小时	值班	5
小时	不	5
小时	以上	5
小时候	的	5
小朋友	的	7
小规模	学校	7
小说	的	9
小麦	的	5
少	了	44
少	一些	19
少	於	16
少	的	9
少	吃	6
少	些	6
少	有人	5
少	出门	5
少数	人	11
少数	族裔	10
少有	的	5
尚	不	45
尚	在	9
尚未	完全	7
尚未	得到	6
尚未	被	5
尚未	有	5
尤	研究	6
尤其	是	330
尤其	在	19
尤其	要	16
尤其	需要	6
尤其	重要	5
就	会	417
就	有	286
就	在	258
就	能	226
就	像	180
就	可以	170
就	没有	82
就	不	81
就	把	70
就	一定	65
就	被	62
就	已经	59
就	这样	58
就	必须	53
就	连	49
就	知道	48
就	越	46
就	需要	46
就	成	45
就	不会	40
就	开始	40
就	好	39
就	应该	38
就	得	38
就	要求	36
就	在于	33
就	可能	33
就	很	32
就	不能	31
就	不是	30
就	地	28
就	将	26
就	去	25
就	来	25
就	用	25
就	更	24
就	想	23
就	无法	23
就	没	23
就	说	23
就业	岗位	20
就业	的	16
就业	创业	15
就业	工作	9
就业	形势	8
就业	扶贫	8
就业	人员	7
就业	服务	6
就业	服务平台	5
就业	和	5
就业	压力	5
就业	难	5
就业	问题	5
就是	要	108
就是	在	63
就是	一个	53
就是	我们	45
就是	把	25
就是	因为	25
就是	对	25
就是	我	24
就是	这样	23
就是	为了	23
就是	不	21
就是	你	21
就是	一种	19
就是	中国	18
就是	金山	16
就是	他	16
就是	这个	15
就是	为	15
就是	让	14
就是	个	13
就是	命令	13
就是	最好	13
就是	其中	12
就是	责任	11
就是	想	11
就是	他们	10
就是	它	10
就是	用	10
就是	自己	9
就是	给	9
就是	中华民族	9
就是	这么	8
就是	为什么	8
就是	力量	8
就是	以	8
就是	典型	6
就是	那些	6
就是	通过	6
就是	坚持	6
就是	一场	6
就算	是	23
就算	了	10
就算	你	5
就算	有	5
就要	把	12
就要	在	8
就要	坚持	7
就要	有	7
就要	学会	6
就让	我们	10
就让	他	6
就近	就业	7
就近	的	6
尴尬	的	13
尺寸	的	6
尺寸	也	5
尽	自己	12
尽	最大	11
尽	的	10
尽	了	6
尽可能	的	5
尽情	地	7
尽管	中国	9
尽管	是	7
尽管	在	7
尽管	有	6
尽管	他	6
尽管	没有	6
尽管	她	6
尽管	美国	5
尽责	的	14
尽量	不	5
局	局	21
局	副	14
局	的	13
局	集团	6
局	表示	5
局部	与	5
局面	的	12
层层	压实	5
层次	的	7
层面	的	19
层面	上	6
居	於	23
居	全国	6
居住	在	48
居住	的	30
居住	环境	7
居家	令	37
居家	隔离	35
居家	禁令	8
居民	的	56
居民	在	29
居民	和	24
居民	都	18
居民	提供	16
居民	群众	11
居民	们	11
居民	也	8
居民	身份	6
居民	进行	5
居民	生活	5
居民	中	5
居民	表示	5
居民	要	5
居民	可以	5
届	五中全会	94
届	四中全会	27
届	中央纪委	19
届	二中	7
届	三中全会	6
屋	邨	10
屋	的	5
屏幕	上	11
展开	了	19
展开	的	6
展开	一场	5
展现	了	39
展现	新	15
展现	的	8
展现	在	7
展现	出新	5
展现出	了	7
展示	了	40
展示	出	8
展示	的	7
展示	着	6
展示	中国	5
属于	自己	24
属于	你	7
属地	责任	6
履职	尽责	45
履职	能力	7
履行	好	16
履行	监督	6
履行	第一	5
履行	的	5
山	医院	23
山	视频	10
山	的	8
山上	的	5
山东	军区	5
山坡	上	11
山河	智能	5
山洪	地质灾害	8
山路	更	5
山里	的	5
屹立	不倒	6
岁	的	188
岁	以上	12
岁	就	11
岁	时	11
岁	以下	10
岁	了	6
岁	男子	6
岁	那年	5
岁月	的	16
岁月	里	11
岂	不是	9
岗位	上	70
岗位	的	16
岗位	和	7
岗位	人员	6
岛	的	5
岳麓	峰会	11
峰会	上	8
崇尚	英雄	10
崇尚	实干	8
崇高	的	22
崇高	敬意	6
崛起	的	8
崛起	和	6
崛起	战略	6
崩溃	的	10
崩溃	了	5
崭新	的	12
州	和	33
州	的	32
州	及	6
州	大	6
州	份	6
州政府	的	9
巡察	工作	8
巡视	巡察	15
巡视	监督	5
巡视	工作	5
巡警	支队	5
工业	互联网	15
工业	企业	12
工业	和	5
工人	的	21
工人	在	17
工人	们	7
工人	套房	7
工人	和	5
工人阶级	和	6
工人阶级	的	5
工会	会员	5
工作	的	549
工作	中	286
工作	和	63
工作	高质量	52
工作	能力	50
工作	上	50
工作	是	49
工作	都	40
工作	任务	39
工作	落实	35
工作	要	34
工作	会议	33
工作	报告	30
工作	方法	30
工作	领导小组	28
工作	了	28
工作	时	27
工作	机制	27
工作	也	25
工作	及	23
工作	条例	22
工作	生活	21
工作	取得	20
工作	不	18
工作	实际	18
工作	作为	18
工作	要求	17
工作	做	16
工作	来	15
工作	情况	15
工作	开展	15
工作	环境	15
工作	在	14
工作	方案	14
工作	进行	14
工作	后	14
工作	状态	13
工作	提出	13
工作	时间	13
工作	做好	13
工作人员	的	15
工作人员	说	7
工作人员	在	7
工作人员	对	6
工作人员	都	6
工作人员	表示	5
工作人员	称	5
工作岗位	上	11
工作者	的	8
工作者	在	8
工作者	要	5
工作队	队长	9
工作队	的	5
工具	和	6
工具	的	5
工农	革命军	11
工匠	精神	14
工厂	的	11
工程	的	17
工程	和	6
工程院	院士	5
工资	的	7
左侧	的	5
左右	的	31
左右	在	6
巧妙	地	6
巨大	的	126
巨大	挑战	10
巨大	牺牲	6
巨大	代价	5
巨大	压力	5
巨大	影响	5
巩固	脱贫	26
巩固	和	15
巩固	拓展	11
巩固	了	10
巩固	提升	9
巩固	深化	8
巩固	好	7
巩固	发展	7
巩固	党	7
差	的	8
差	了	5
差不多	了	6
已	在	146
已	被	138
已	是	65
已	成为	56
已	於	50
已	向	34
已	完成	27
已	全部	22
已	进入	16
已	就	15
已	要求	15
已	连续	14
已	超过	14
已	收到	14
已	基本	14
已	安排	13
已	造成	13
已	接近	13
已	将	13
已	不再	12
已	通知	12
已	久	12
已	开始	11
已	宣布	11
已	累计	10
已	下令	10
已	即	10
已	由	10
已	取消	10
已	取得	10
已	提出	9
已	成功	9
已	不	9
已	到	8
已	复工	8
已	停止	8
已	感染	8
已	按	8
已	多次	8
已	退休	8
已久	的	11
已有	的	9
已知	的	9
已经	有	58
已经	在	47
已经	是	40
已经	成为	40
已经	被	28
已经	开始	27
已经	到	23
已经	超过	15
已经	从	14
已经	没有	14
已经	不	14
已经	过去	12
已经	很	11
已经	进入	11
已经	向	9
已经	让	9
已经	非常	9
已经	与	9
已经	把	8
已经	得到	8
已经	为	8
已经	发展	8
已经	要求	7
已经	成	7
已经	取得	7
已经	完成	7
已经	宣布	7
已经	完全	7
已经	达到	7
已经	实现	6
已经	连续	6
已经	结束	6
已经	可以	6
已经	和	6
已经	基本	6
已经	全部	6
已经	发生	6
已经	出现	6
已经	形成	5
已经	知道	5
巴士	的	7
巴西	的	5
巴黎	的	6
巷	社区	9
巾帼	木兰	6
市	的	39
市	警局	16
市	教育局	8
市	消防局	8
市	道	7
市中心	的	10
市值	租金	7
市场	的	51
市场	上	25
市场	监管局	13
市场	和	13
市场	监管部门	13
市场	中	12
市场	经济体制	11
市场	表现	7
市场	活力	6
市场监管	总局	7
市场经济	的	7
市委	宣传部	5
市委	老干部局	5
市府	在	6
市府	的	6
市府	已	5
市政府	的	7
市民	的	41
市民	在	33
市民	提供	17
市民	都	15
市民	外出	10
市民	要	10
市民	切勿	9
市民	可以	9
市民	和	8
市民	有	7
市民	到	7
市民	生活	6
市民	不要	6
市民	可	6
市民	亦	6
市民	也	5
市民	表示	5
市民	使用	5
市民	及	5
布	口罩	5
布局	的	13
布朗	士	7
布置	了	5
帅气	的	5
师	的	16
师	第	9
师	和	5
师长	的	5
希望	大家	51
希望	能	45
希望	在	35
希望	可以	25
希望	政府	23
希望	的	18
希望	他	16
希望	有	16
希望	自己	14
希望	疫情	13
希望	我们	13
希望	通过	12
希望	得到	10
希望	看到	10
希望	能够	10
希望	中国	8
希望	他们	8
希望	与	7
希望	可	7
希望	把	7
希望	广大	6
希望	市民	6
希望	法庭	6
希望	是	6
希望	孩子	6
希望	和	5
希望	她	5
希望	用	5
希望	寄托	5
希望	我	5
希望	香港	5
帖	文	10
帖	文中	7
帝国	的	6
帝国主义	的	9
带	着	179
带	了	17
带	去	10
带	他	9
带	孩子	6
带	好头	5
带	出	5
带到	了	8
带动	了	11
带动	作用	8
带动	下	6
带来	的	164
带来	了	107
带来	新	13
带来	更	11
带来	巨大	10
带来	极大	5
带病	提拔	5
带给	我们	13
带货	一哥	5
带货	的	5
带领	下	26
带领	人民	26
带领	群众	21
带领	全国	13
带领	中国	10
带领	的	8
带领	团队	7
带领	大家	7
带领	广大	5
带领	村民	5
帧	数	16
席位	的	5
席卷	全球	8
帮	你	14
帮	我	13
帮	他	11
帮	我们	7
帮	了	7
帮助	下	22
帮助	企业	19
帮助	的	16
帮助	群众	15
帮助	解决	15
帮助	我们	12
帮助	他们	11
帮助	和	10
帮助	贫困	8
帮助	他	8
帮助	孩子	7
帮助	别人	7
帮助	了	6
帮扶	工作队	17
帮扶	干部	15
帮扶	工作	13
帮扶	措施	12
帮扶	机制	6
帮扶	的	6
帮扶	力度	6
常	以	5
常委会	会议	7
常常	会	8
常常	是	6
常态	化	116
常用	的	13
常见	的	42
常规	的	9
干	成事	37
干	好	22
干	出来	18
干	了	18
干	在	17
干	实事	13
干	出	13
干	啥	13
干	的	12
干	事业	9
干	工作	8
干	一件	5
干	革命	5
干事	创业	100
干事	的	11
干事	热情	5
干净	担当	40
干净	的	8
干净	干事	5
干劲	和	5
干涉	香港	6
干涉	别国	5
干燥	的	5
干辣椒	段	5
干部	的	163
干部	要	140
干部	在	41
干部	工作	27
干部	考核	26
干部	培训班	23
干部	特别	23
干部	和	23
干部	必须	22
干部	选拔	20
干部	担当	20
干部	是	17
干部	有	15
干部	都	15
干部	作为	13
干部	政绩	13
干部	考察	12
干部	到	10
干部	标准	7
干部	就	7
干部	管理	7
干部	只有	7
干部	一定	6
干部	选出	6
干部	把	6
干部	也	6
干部	坚持	6
干部	最	6
干部	政治	6
干部	们	6
干部	应当	6
干部	以	5
干部	干	5
干部	培训	5
干部	坚定	5
干部	会议	5
干部	冲锋在前	5
干部	为	5
干部	自身	5
干部	监督	5
干部队伍	建设	13
干部队伍	的	9
干部队伍	中	7
平	指出	5
平凡	的	76
平凡	中	7
平凡	而	5
平台	的	52
平台	上	33
平台	和	9
平台	也	7
平台	进行	6
平台	及	6
平台	等	5
平和	的	5
平均	每天	12
平均	每月	9
平均	帧	8
平均	新增	7
平均	每日	6
平均	每	5
平坦	的	5
平安	经	9
平安	归来	7
平常	的	8
平常	时候	5
平日	里	10
平时	的	12
平板	电脑	5
平民	的	7
平淡	的	5
平稳	有序	6
平稳	运行	5
平稳	健康	5
平等	的	29
平衡	不	21
平衡	的	6
平静	的	10
年	的	310
年	以来	47
年	在	41
年	至	39
年	以	39
年	到	35
年	被	32
年	开始	31
年	起	29
年	后	27
年	是	26
年	中	22
年	多	22
年	秋季	20
年	时间	20
年	年	16
年	了	16
年	加入	15
年	来	14
年	人口普查	13
年	就	13
年	成立	12
年	出生	12
年	春季	12
年	首次	11
年	及	11
年	才	11
年	有	11
年	夏季	11
年	推出	10
年	和	9
年	以上	9
年	中国	9
年	至今	9
年	夏天	8
年	左右	8
年	时	8
年	之后	7
年	春节	7
年	出版	7
年代	的	16
年代	初	10
年初	的	9
年前	的	19
年前	就	5
年幼	的	8
年底	前	16
年底	之前	7
年底	的	5
年度	的	10
年度	最佳	6
年度	会议	5
年纪	大	6
年纪	的	5
年轻	的	40
年轻	时	16
年轻	党员干部	10
年轻	党员	9
年轻	消费者	8
年轻人	的	19
年轻干部	要	83
年轻干部	的	25
年轻干部	在	22
年轻干部	成长	15
年轻干部	是	15
年轻干部	只有	9
年轻干部	必须	8
年轻干部	提高	5
年轻干部	培养	5
年轻干部	来说	5
年迈	的	8
年龄	的	7
并	不	221
并	没有	170
并	不是	132
并	在	66
并	将	58
并	对	32
并	向	28
并	为	24
并	把	22
并	通过	21
并	无	19
并	与	18
并	表示	18
并	以	16
并	不能	15
并	发表	13
并	说	13
并	提出	13
并	要求	11
并	不会	10
并	及时	10
并	进行	10
并	有	10
并	让	9
并	提供	9
并	采取	9
并	不算	8
并	强调	8
并	一直	8
并	根据	8
并	被	8
并	从	8
并	同	7
并	可	7
并	能	7
并	使	7
并	由	7
并	保持	7
并	进一步	7
并	指出	6
并且	在	13
并且	是	6
并且	还	5
并非	是	7
幸福	的	70
幸福	指数	15
幸福	和	10
幸福	安康	9
幸福	新	9
幸福	是	6
幸福	万家	5
幸福感	和	8
幸福感	安全感	8
幸福生活	的	6
幸运	的	6
幸运	了	6
幺	溪	13
广东	等	5
广场	舞	14
广场	上	12
广大	人民	76
广大	基层干部	17
广大	地区	9
广大	医务	8
广大	基层	8
广大	市民	7
广大	网友	6
广大	的	6
广大	农民	6
广大	领导	6
广大	劳动者	5
广大	年轻干部	5
广大	企业	5
广大	纪检监察	5
广大	科技	5
广大	扶贫	5
广大	公务员	5
广大党员	干部	142
广大党员	的	11
广大党员	群众	6
广大干部	群众	17
广大干部	要	7
广州	的	5
广度	和	8
广播	电视台	6
广播公司	报道	22
广播公司	记者	5
广播电视	总台	10
广泛	的	41
广泛	关注	12
广泛	地	7
广泛	参与	6
广泛	动员	6
广泛	动员群众	5
广泛	宣传	5
广西	的	6
广阔	的	29
庄严	承诺	19
庄严	的	6
庆幸	的	8
庆祝大会	上	9
应	在	13
应	加大	6
应	注意	5
应	做到	5
应	加强	5
应	和	5
应对	疫情	45
应对	措施	21
应对	新冠	19
应对	挑战	12
应对	各种	11
应对	风险	10
应对	的	8
应对	外部环境	7
应对	当前	7
应对	和	6
应对	冠状病毒	6
应对	重大	6
应届	毕业生	6
应当	是	7
应急	响应	14
应急	管理	14
应急	处置	10
应急	预案	9
应急	物资	7
应收	尽收	8
应有	的	48
应有	贡献	12
应用	场景	10
应用	创新	8
应用	于	8
应用	在	6
应用	的	6
应该	是	93
应该	有	25
应该	在	18
应该	说	15
应该	做	14
应该	被	13
应该	让	10
应该	也	10
应该	要	9
应该	的	9
应该	就是	9
应该	都	9
应该	把	8
应该	会	8
应该	成为	8
应该	去	7
应该	坚持	7
应该	如何	7
应该	以	7
应该	对	7
应该	看到	6
应该	更	6
应该	算是	6
应该	从	6
应该	考虑	5
应该	思考	5
应该	比	5
应该	做到	5
应该	向	5
应该	具备	5
应该	将	5
底线	思维	25
店	的	9
店里	的	5
庞	涓	9
庞大	的	24
废弃	的	6
度	的	12
度	以上	5
度过	了	13
度过	的	6
座	的	7
座	向	6
座	城市	5
座位	上	5
座椅	的	7
座椅	采用	6
座椅	加热	5
座谈会	上	24
康复	人数	10
庸者	下	11
廉政	教育	7
廉政	风险	6
廉洁	从政	13
廉洁	的	6
廉洁	用	5
廉洁自律	的	9
廊	和	5
延伸	到	12
延伸	至	6
延安	的	9
延安	整风	5
延期	至	8
延续	了	7
延长	了	7
建	好	8
建	在	5
建制	派	25
建国	后	8
建成	小康社会	230
建成	了	8
建成	社会主义	8
建成	后	7
建成	小康	5
建立	了	72
建立	起	33
建立	的	31
建立	在	29
建立	长效机制	15
建立	和	11
建立	一个	10
建立	科学	7
建立	完善	6
建立	起来	6
建立	自己	5
建筑	的	7
建议	的	12
建议	在	8
建议	是	6
建设	的	127
建设	社会主义	107
建设	和	64
建设	中	21
建设	为	19
建设	是	16
建设	等	15
建设	得	15
建设	一支	12
建设	作为	11
建设	摆在首位	11
建设	发展	10
建设	工作	10
建设	中国	10
建设	高素质	9
建设	用地	9
建设	小康社会	9
建设	提供	8
建设	好	8
建设	情况	7
建设	美丽	7
建设	与	7
建设	方面	7
建设	成为	7
建设	了	6
建设	永远	6
建设	要	6
建设	新	6
建设	推进	5
建设	上	5
建设	一个	5
建设	成果	5
建设	贯穿	5
建设	取得	5
建设	摆在	5
建设	富饶	5
建设	这个	5
建设者	们	6
建设者	和	6
建起	了	6
建造	的	12
建造	了	6
开	了	64
开	的	27
开	到	10
开	起来	10
开	创新	9
开	空调	5
开创	了	12
开发	的	24
开发	开放	10
开发	和	8
开发	建设	5
开启	全面	25
开启	了	15
开启	新	12
开始	了	48
开始	的	34
开始	在	25
开始	就	20
开始	向	18
开始	时	16
开始	出现	12
开始	对	9
开始	后	8
开始	实施	5
开始	做	5
开始	为	5
开始	用	5
开始	将	5
开始	不断	5
开始	到	5
开始	就是	5
开始	是	5
开学	时间	8
开学	的	7
开学	后	5
开学典礼	上	6
开展	工作	38
开展	了	25
开展	以来	11
开展	的	10
开展	好	9
开展	专项	9
开展	疫情	8
开展	扶贫	7
开展	脱贫	7
开展	情况	6
开展	监督	6
开展	全方位	5
开工	建设	5
开心	的	15
开心	地	8
开心	也	7
开放	的	33
开放	崛起	9
开放型	经济	7
开机	时间	6
开来	的	6
开班式	上	26
开窗	通风	7
开设	了	6
开车	的	7
开辟	了	19
开通	了	6
开门	营业	6
异常	的	6
异常	严峻	5
异见	的	5
异见	人士	5
弄	得	11
式	的	53
引人注目	的	7
引入	了	6
引发	了	60
引发	的	23
引发	争议	8
引发	关注	7
引发	广泛	7
引发	热议	6
引发	舆论	6
引导	党员干部	13
引导	广大党员	13
引导	学生	10
引导	和	8
引导	他们	7
引导	群众	7
引导	广大	6
引导	作用	5
引导	党员	5
引导	领导	5
引导	广大群众	5
引导	广大干部	5
引来	了	7
引渡	案	12
引用	了	6
引用	的	5
引致	的	5
引起	了	42
引起	的	30
引起	重视	7
引起	人们	7
引起	舆论	5
引述	消息人士	13
引述	消息	13
引领	作用	18
引领	发展	14
引领	开放	8
引领	下	7
引领	力	7
引领	和	6
弗洛伊德	死亡	5
弘扬	伟大	12
弘扬	劳模	9
弘扬	中华民族	8
弘扬	科学家	6
弘扬	正气	5
张	选举人	8
张	先生	6
弯道	超车	7
弱小	的	5
强	的	51
强	起来	18
强	高压	5
强制	隔离	8
强劲	的	11
强劲	动力	10
强化	政治	32
强化	责任	16
强化	对	15
强化	监管	13
强化	监督	11
强化	制度	9
强化	理论	7
强化	自我	7
强化	了	5
强化	不敢	5
强化	实践	5
强国	的	17
强大	的	129
强大	力量	23
强大	合力	13
强大	动力	13
强弱	项	15
强有力	的	28
强渡	大渡河	5
强烈	的	71
强烈	谴责	5
强硬	的	8
强调	要	25
强调	的	21
强调	了	17
归根结底	是	11
当	你	76
当	我们	27
当	我	26
当	他	22
当	了	19
当	先锋	14
当	过	10
当	一个	10
当	她	8
当	他们	8
当	中国	7
当	疫情	7
当	看到	6
当	被	6
当	红军	5
当	亲人	5
当上	了	7
当下	的	11
当下	疫情	5
当中	的	9
当中	有	7
当事人	的	6
当今	中国	7
当今世界	正	9
当代	中国	20
当代	青年	7
当作	自己	5
当初	的	5
当前	的	38
当前	疫情	24
当前	最	15
当前	和	15
当前	形势	10
当前	复杂	6
当前	经济	6
当前	我国	5
当地	时间	45
当地	的	43
当地	群众	14
当地	居民	9
当地	官员	9
当地	医院	6
当地	媒体	6
当地	警方	6
当地	民众	5
当地	人民	5
当地政府	和	5
当天	的	8
当天	晚上	8
当天	中午	6
当天	上午	5
当局	的	9
当局	表示	7
当局	在	6
当年	的	23
当年	在	5
当成	自己	7
当成	了	6
当时	的	100
当时	就	12
当时	中国	11
当时	我们	10
当时	是	7
当时	在	7
当时	有	6
当时	也	5
当时	我	5
当然	是	17
当然	也	12
当然	要	8
当然	我们	6
当然	这	6
当然	了	5
当然	不是	5
录取	通知书	5
形势	下	30
形势	依然	20
形势	的	18
形势	和	18
形势	新	11
形势	发生	9
形势	持续	9
形势	变化	8
形势	任务	6
形势	仍然	6
形容	是	20
形式	的	32
形式	进行	7
形式	上	6
形式主义	问题	31
形式主义	官僚主义	31
形式主义	的	12
形式主义	和	7
形式主义	突出	6
形形色色	的	6
形态	的	8
形成	了	92
形成	的	61
形成	合力	16
形成	新	13
形成	良好	7
形成	强大	6
形成	一个	6
形成	能者	6
形成	以	5
形成	过程	5
形成	长效机制	5
形象	的	14
形象	和	7
形象	地	6
形象	也	5
彰显	了	50
彰显	出	8
彰显	着	8
彰显	新	7
影响	的	40
影响	了	36
影响	到	26
影响	着	18
影响	下	16
影响	较大	8
影响	和	8
影响	最大	6
影响	脱贫	5
影响	不	5
影响	之深	5
影响	而	5
影响力	的	12
影片	中	15
影片	的	5
彻底	的	11
彻底	粉碎	5
彻底	失败	5
彼此	的	16
往常	一样	7
往年	的	5
往往	会	26
往往	是	23
往往	需要	10
往往	在	8
往往	都	8
往往	不是	7
往往	把	7
往往	能	5
往日	的	7
往返	于	5
征地	拆迁	6
征程	上	27
征程	的	14
征程	中	12
征途	上	6
待	在	47
待	在家	15
待	到	11
待	了	6
待	着	5
待遇	的	6
很	好	188
很	有	116
很	可能	89
很	容易	75
很	高	72
很	重要	71
很	难	42
很	久	28
很	不	27
很	简单	24
很	低	22
很	喜欢	22
很	是	21
很	清楚	21
很	明显	18
很	强	17
很	不错	16
很	舒服	14
很	困难	12
很	有趣	11
很	短	11
很	高兴	11
很	像	10
很	正常	10
很	远	10
很	辛苦	9
很	长时间	9
很	方便	9
很	感动	9
很	开心	8
很	严重	8
很	熟悉	7
很	清晰	7
很	值得	7
很	早就	7
很	紧张	7
很	深	7
很	自然	7
很	显然	6
很	厉害	6
很多	人	174
很多	的	31
很多	时候	28
很多	地方	20
很多	事	12
很多	事情	11
很多	网友	9
很多	工作	8
很多	东西	8
很多	都	7
很多	方面	7
很多	新	6
很多	问题	6
很多	家庭	6
很多	国家	5
很多	不	5
很多	中国	5
很大	的	88
很大	程度	40
很大	一部分	7
很小	的	12
很少	有人	13
很少	有	11
很少	的	6
很少	人	5
很强	的	7
很快	就	41
很快	便	7
很快	会	5
很长	一段时间	15
徐	德	12
徐州	的	5
得	很	63
得	更	56
得	好	45
得	了	37
得	多	32
得	有	24
得	更加	19
得	非常	16
得	再	15
得	更好	15
得	自己	11
得	的	10
得	出来	10
得	住	10
得	越	10
得	靠	9
得	还	8
得	在	8
得	太	8
得	苦	8
得	之	8
得	上	7
得	很快	7
得	不	7
得	实惠	7
得	让	7
得	不得了	7
得	唔	7
得	这么	7
得	越来越	6
得	好不好	6
得	起	6
得	其	6
得	及	6
得	去	6
得	好好	6
得	那么	6
得	天下	6
得	也	6
得	太久	5
得以	在	6
得以	成功	5
得到	了	113
得到	的	45
得到	有效	18
得到	控制	12
得到	解决	9
得到	全面	9
得到	保障	9
得到	群众	7
得到	政府	7
得到	充分	6
得到	人民	6
得到	加强	5
得到	别人	5
得到	快乐	5
得到	最大	5
得到	缓解	5
得到	改善	5
得到	一些	5
得失	的	6
得来	的	8
循环	为	17
微	腐败	24
微	企业	15
微	信号	8
微	权力	5
微	心愿	5
微信	公众	24
微信	的	12
微信	群里	11
微信	上	8
微信	朋友圈	8
微信	小	6
微小	的	7
微笑	着	13
微软	的	6
德	的	6
德	和	5
德军	的	9
德国	的	11
德州	和	6
心	使命	43
心	有所	9
心	的	6
心	生	6
心	就	5
心	也	5
心	都	5
心中	的	61
心中	有	21
心中	最高	10
心中	都	5
心存	敬畏	7
心态	来	5
心思	放在	5
心情	不好	5
心灵	的	23
心爱	的	7
心理	上	12
心理	疏导	11
心理	的	6
心理	辅导	5
心目	中	24
心系	群众	10
心系	人民	5
心里	就	10
心里	的	6
心里	都	6
心里	也	5
必	先	7
必	能	5
必不可少	的	12
必备	的	9
必定	有	16
必将	在	5
必然	会	22
必然	要求	22
必然	是	10
必然	的	9
必胜	的	17
必要	的	59
必要	时	8
必需	的	7
必需品	的	5
必须	要	77
必须	坚持	46
必须	把	27
必须	在	26
必须	以	25
必须	有	21
必须	从	11
必须	具备	11
必须	的	10
必须	是	9
必须	加强	9
必须	由	8
必须	做到	8
必须	始终	8
必须	先	7
必须	完成	7
必须	遵循	7
必须	强化	7
必须	把握	6
必须	戴	6
必须	接受	6
必须	增强	6
必须	如期	6
必须	用	6
必须	按照	6
必须	体现	6
必须	抓住	6
必须	让	6
必须	牢固	6
必须	进行	5
必须	统筹	5
必须	佩戴	5
必须	继续	5
必须	坚决	5
必须	坚定不移	5
必须	不断	5
必须	与	5
忍	唔	5
志同道合	的	6
志向	的	5
志愿	服务	37
志愿军	第	15
志愿军	战士	9
志愿军	在	6
志愿军	空军	6
志愿者	们	7
志愿者	等	5
志愿者	的	5
忘	了	37
忘	初心	15
忘	的	6
忘我	的	5
忘记	了	18
忙	着	18
忙	得	13
忙	於	8
忙	到	5
忙碌	的	17
忠于	人民	10
忠实	实践者	7
忠诚	干净	41
忠诚	的	18
忠诚	于	13
忠诚	是	12
忠诚	上	5
忠诚	履职	5
快	的	9
快	去	6
快	跑	6
快	就	6
快	来	6
快	走	5
快乐	的	23
快递	小哥	12
快递	员	10
快递	柜	7
快递	的	6
快速	发展	21
快速	的	13
快速	蔓延	6
快速	增加	5
念	着	5
忽悠	误导	5
忽略	了	16
忽视	了	10
忽视	的	5
态度	和	11
态度	的	8
态度	坚决	5
怎么	能	25
怎么	做	19
怎么	可能	14
怎么	说	12
怎么	看	9
怎么	也	8
怎么	了	7
怎么	就	6
怎么	会	6
怎么	不	6
怎么	来	5
怎样	的	38
怎样	去	5
怎样	做	5
怕	是	5
思想	的	64
思想	和	59
思想	上	54
思想	政治	39
思想	为	25
思想	教育	18
思想	建设	17
思想	是	15
思想	武装头脑	13
思想	准备	13
思想	工作	13
思想	防线	12
思想	理论	11
思想	引领	11
思想	武装	11
思想	建党	10
思想	淬炼	10
思想	不	10
思想	自觉	9
思想	之	8
思想	基础	8
思想	作为	7
思想	改造	7
思想	方法	7
思想	深处	6
思想	指导	6
思想	指引	5
思想	高度	5
思想	与	5
思维	方式	16
思维	和	16
思维	的	13
思考	的	14
思考	和	6
思考	如何	5
思考	学	5
思路	和	10
急	群众	14
急	着	10
急	了	8
急	升至	5
急	人民	5
急	的	5
急性	呼吸道	5
急需	的	16
性	的	19
性	疫情	14
性	感染	8
性	病例	7
性	和	5
性能	的	6
性能	上	5
性质	的	10
性质	恶劣	5
总	要求	18
总	投资	12
总	基调	10
总	觉得	9
总	要	9
总	有人	8
总	决战	7
总	比	6
总	感觉	5
总	设计师	5
总	把	5
总	目标	5
总	不能	5
总	想着	5
总	分社	5
总书记	在	163
总书记	指出	81
总书记	的	68
总书记	强调	66
总书记	关于	42
总书记	重要讲话	35
总书记	重要	25
总书记	对	25
总书记	曾	24
总书记	说	21
总书记	提出	20
总书记	多次	13
总书记	在讲话中	12
总书记	系列	10
总书记	考察	9
总书记	就	8
总书记	也	7
总书记	深刻	6
总书记	再次	5
总书记	为	5
总书记	高度重视	5
总书记	嘱托	5
总人口	的	7
总会	有	7
总体	上	17
总体	来说	5
总体	国家	5
总共	有	7
总干事	谭	15
总数	达到	9
总数	的	5
总是	在	11
总是	会	7
总是	以	5
总是	有	5
总是	把	5
总有	一些	8
总理	李克强	8
总理	在	5
总理	贾	5
总结	了	9
总结	出	6
总结	经验教训	6
总结	一下	5
总统	的	26
总统	候选人	9
总统	蔡	7
总统	拜登	5
总统	迈克	5
总统	和	5
总统	任期	5
总部	设在	9
总部	的	6
总部	位于	6
恐怕	是	5
恐怖	的	8
恐惧	的	8
恐慌	的	6
恒大	健康	5
恒指	新造	18
恒指	夜	12
恒指	公司	8
恒指	收市	7
恒星	的	7
恢复	生产	13
恢复	了	10
恢复	的	9
恢复	到	9
恢复	营业	9
恢复	和	5
息息相关	的	6
恰当	的	9
恰恰	是	14
恶劣	的	15
恶化	的	7
悟	原理	11
悠久	的	6
患上	了	5
患有	新冠	8
患有	慢性	5
患病	的	7
患者	的	111
患者	在	34
患者	是	19
患者	中	18
患者	和	10
患者	都	10
患者	住院	9
患者	救治	8
患者	曾	8
患者	提供	7
患者	死亡	7
患者	进行	6
患者	已	6
患者	有	6
患者	出院	6
患者	也	6
患者	於	6
患者	均	6
患者	治愈	5
患者	正在	5
患者	及	5
您	的	56
您	在	8
您	可以	7
您	有	5
您	就	5
您	是	5
悲伤	的	8
悲痛	的	5
悲观	的	5
情况	下	266
情况	的	35
情况	和	20
情况	进行	19
情况	后	12
情况	是	10
情况	来看	10
情况	及	7
情况	也	6
情况	出现	6
情况	等	6
情况	新	5
情况	会	5
情况	就	5
情况	与	5
情形	下	10
情怀	的	5
情感	的	14
情感	上	7
情绪	的	10
情绪	激动	5
惊人	的	19
惊叹	的	5
惊喜	的	6
惊天动地	的	6
惊心动魄	的	7
惊醒	了	5
惟	他	5
惟	部分	5
惠民	政策	13
惠民	生	7
惨痛	的	6
惩罚	的	5
想	干事	43
想	在	28
想	的	23
想	办法	23
想	知道	22
想	去	21
想	做	20
想	让	18
想	把	16
想	了	15
想	说	14
想	问题	14
想	吃	11
想	得	11
想	出	11
想	群众	11
想	过	9
想	我	9
想	了解	9
想	你	8
想	给	7
想	不	7
想	用	7
想	什么	6
想	将	5
想	借	5
想	人民	5
想	与	5
想	对	5
想	买	5
想	看	5
想	成为	5
想	看看	5
想	起来	5
想	和	5
想到	的	15
想到	了	7
想到	自己	5
想念	你	5
想法	的	12
想法	和	8
想法	也	5
想要	的	34
想要	在	8
想象	的	22
想象	中	10
想起	了	20
愁	盼	10
愈	多	28
愉快	的	14
愉悦	的	10
意义	的	41
意义	上	31
意义	重大	15
意义	和	7
意味	的	5
意味着	什么	8
意味着	他	5
意外	的	13
意外	中	6
意大利	的	14
意大利	和	7
意志	和	10
意思	是	35
意想不到	的	13
意愿	的	5
意见	和	13
意见	的	6
意识	到	71
意识	和	24
意识	的	12
意识	淡薄	6
意识形态	工作	9
意识形态	的	5
感	和	12
感	幸福感	10
感	十足	9
感	的	9
感人	的	10
感人	故事	6
感人至深	的	5
感兴趣	的	9
感到	非常	26
感到	很	17
感到	失望	16
感到	十分	14
感到	震惊	11
感到	不安	10
感到	担忧	8
感到	不	8
感到	自己	6
感到	意外	5
感到	骄傲	5
感到	困惑	5
感到	更	5
感动	了	9
感动	的	8
感受	到	131
感恩	的	13
感情	上	9
感情	的	7
感慨	地说	7
感染	的	193
感染	新冠	125
感染	病例	68
感染	了	59
感染	人数	37
感染	病毒	26
感染	新型	20
感染	控制	20
感染	肺炎	11
感染	患者	10
感染	风险	9
感染	科主任	8
感染	症状	7
感染	和	7
感染	人	7
感染	人士	7
感染	科	6
感染	后	6
感染	或	5
感染	冠状病毒	5
感染	到	5
感染	范围	5
感染	控制措施	5
感染者	的	11
感觉	到	40
感觉	自己	11
感觉	是	8
感觉	很	6
感觉	不到	5
感谢	你们	11
感谢	的	7
愤怒	的	8
愤怒	地	5
愤怒	和	5
愿	我们	7
愿	你	6
愿	为	5
愿意	去	7
愿意	为	6
愿意	用	5
愿意	看到	5
愿意	在	5
慈善	组织	17
慈善	企业家	12
慢	作为	10
慢性	疾病	12
慢性病	患者	6
慢性病	的	5
慢慢	地	17
慢慢	的	10
憋	坏	5
懂	了	9
懂	你	7
懂	的	7
懂	技术	7
懂得	了	11
懂得	珍惜	5
懂得	尊重	5
懈怠	的	9
懒	的	6
成	了	211
成	的	23
成	一个	8
成	以上	5
成	大事	5
成为	了	91
成为	一个	41
成为	中国	23
成为	一名	18
成为	一种	18
成为	全国	16
成为	全球	11
成为	人们	11
成为	我们	10
成为	新	9
成为	世界	8
成为	推动	8
成为	经济	7
成为	社会	7
成为	当前	7
成为	常态	7
成为	群众	7
成为	国家	6
成为	党员干部	6
成为	他	6
成为	全	5
成为	加拿大	5
成为	人民	5
成为	实现	5
成为	湖南	5
成为	可能	5
成为	基层	5
成为	疫情	5
成事	的	17
成人	口罩	7
成功	的	89
成功	地	12
成功	了	8
成功	和	6
成功	后	6
成功	学	5
成功	完成	5
成功	在	5
成千	上	12
成千上万	的	16
成员	的	7
成员	单位	5
成就	了	20
成就	的	12
成年人	的	9
成才	的	7
成效	的	10
成本	的	12
成果	的	16
成果	转化	8
成果	由	6
成果	同	6
成熟	的	31
成立	了	48
成立	后	33
成立	的	30
成立	以来	25
成立	于	10
成立	於	9
成立	之初	6
成绩	的	9
成绩	和	5
成长	的	37
成长	为	16
成长	成才	13
成长	起来	11
成长	过程	9
成长	中	5
成长	空间	5
成长	和	5
我	的	602
我	也	161
我	是	151
我	在	140
我	就	134
我	想	108
我	都	102
我	和	86
我	觉得	84
我	不	80
我	说	65
我	有	54
我	知道	46
我	认为	45
我	一直	44
我	相信	44
我	对	42
我	自己	42
我	还	42
我	很	35
我	还是	33
我	看到	32
我	把	30
我	一个	30
我	唔	27
我	又	27
我	最	27
我	看	26
我	这	26
我	可以	26
我	现在	24
我	去	22
我	就是	22
我	没有	21
我	才	21
我	只	21
我	已	20
我	父亲	20
我	跟	20
我	非常	19
我们	的	556
我们	要	315
我们	党	194
我们	在	117
我们	就	107
我们	都	89
我们	也	79
我们	必须	67
我们	是	59
我们	可以	53
我们	将	51
我们	需要	47
我们	有	43
我们	对	42
我们	应该	40
我们	还	38
我们	现在	38
我们	不	36
我们	一定	35
我们	看到	32
我们	国家	31
我们	每	30
我们	不能	28
我们	每个	28
我们	会	27
我们	一起	27
我们	能	26
我们	所	24
我们	这些	23
我们	中国	21
我们	已经	19
我们	相信	19
我们	去	19
我们	知道	18
我们	应	18
我们	社会	18
我们	更	18
我们	这	17
我们	自己	17
我们	才能	17
我党	的	7
我军	的	6
我军	在	5
我国	发展	41
我国	的	33
我国	经济	24
我国	社会主义	15
我国	正	14
我国	在	13
我国	社会	13
我国	经济社会	13
我国	将	12
我国	疫情	10
我国	粮食	8
我国	古代	8
我国	已	7
我国	国家	7
我国	全面	6
我国	南方	5
我国	有	5
我国	实现	5
我国	传统	5
我家	的	12
我省	在	7
我省	的	5
我省	将	5
我要	把	5
或	其他	53
或	在	46
或	有	38
或	以上	36
或	被	23
或	更	18
或	不	15
或	任何	13
或	其	12
或	之前	11
或	因	10
或	将	10
或	可	10
或	疑似	9
或	部分	8
或	工作	7
或	於	7
或	曾	7
或	向	6
或	到	6
或	甚至	5
或	保持	5
或	需要	5
或	政治	5
或	取消	5
或	地区	5
或	香港	5
或	以	5
或	未能	5
或	管理	5
或	使用	5
或者	是	33
或者	其他	13
或者	在	9
或者	有	7
或者	境外	7
或许	是	14
或许	会	7
或许	还	6
或许	也	6
或许	就	5
战	疫情	6
战争	中	34
战争	的	24
战争	时期	8
战争	年代	8
战争	与	7
战争	和	5
战争	结束	5
战友	们	10
战场	上	41
战场	的	22
战士	们	62
战士	在	9
战士	的	9
战役	中	42
战役	的	22
战役	是	5
战斗	中	64
战斗	在	24
战斗	堡垒	24
战斗	的	20
战斗	打响	8
战斗	精神	6
战斗	作风	6
战斗力	的	8
战时	状态	8
战略	的	26
战略	成果	19
战略	定力	19
战略	布局	18
战略	机遇期	11
战略	上	8
战略	中	7
战略	全局	7
战略	任务	6
战略	和	6
战略	高度	5
战略性	新兴产业	7
战线	上	8
战线	的	6
战胜	疫情	44
战胜	一切	15
战胜	了	8
战胜	困难	8
战胜	前进	6
战胜	各种	5
战胜	病毒	5
战胜	的	5
战胜	这场	5
截止	日期	24
截止	到	8
截然	相反	6
截然不同	的	9
截至	目前	38
截至	到	22
截至	今日	21
截至	昨日	19
截至	今年	17
截至	下午	8
截至	去年	6
截至	周二	6
截至	早上	6
截至	上午	6
截至	今早	5
截至	周五	5
戴	口罩	320
戴	上	77
戴	着	21
戴	好	10
戴	了	6
戴上	口罩	32
戴着	口罩	11
户	贫困户	5
户	人家	5
房地产	市场	18
房地产	开发	7
房子	的	13
房子	里	7
房屋	的	14
房屋	和	8
房屋	署	8
房屋	被	6
房贷	和	5
房间	里	11
房间	的	6
所	需	98
所	做	45
所	带来	27
所	需要	25
所	想	20
所	的	19
所	言	18
所	提供	17
所	使用	17
所	能	16
所	面临	13
所	造成	12
所	提出	10
所	采取	9
所	未	9
所	产生	9
所	盼	8
所	辖	8
所	取代	8
所	接受	8
所	吸引	7
所	和	7
所	向	7
所	形成	7
所	居住	7
所	追求	7
所	取得	6
所	希望	6
所	拥有	6
所	具有	6
所	体现	6
所	看到	6
所	讲	6
所	限	6
所	拍	5
所	选择	5
所	为	5
所	强调	5
所	引起	5
所	中	5
所以	我	40
所以	在	30
所以	我们	24
所以	说	22
所以	要	18
所以	他	15
所以	才	15
所以	她	9
所以	对	8
所以	就	8
所以	这	7
所以	它	6
所以	没有	5
所在	的	63
所处	的	20
所得	的	8
所思	所	7
所指	的	7
所有	的	149
所有	居民	13
所有	这些	12
所有	在	8
所有	事情	8
所有	工作	6
所有	乘客	6
所有	海外	5
所有	病例	5
所有	被	5
所有	中国	5
所有	工作人员	5
所有人	都	48
所有人	的	12
所用	的	11
所说	的	35
所谓	的	71
手	和	7
手	的	7
手	捧	6
手	拿	5
手上	的	6
手下	的	8
手中	的	33
手写	的	5
手动	调节	5
手头	的	5
手机	的	24
手机	上	7
手机	时	5
手段	取得	7
手里	的	7
才	是	205
才	会	139
才	有	127
才	知道	48
才	可以	34
才	能够	30
才	可	29
才	不会	24
才	被	15
才	发现	15
才	开始	13
才	算	13
才	让	12
才	可能	10
才	得以	9
才	在	8
才	去	8
才	更	8
才	到	7
才	明白	7
才	从	6
才	真正	6
才	得到	6
才	意识	6
才	好	6
才	知	5
才	得知	5
才	的	5
才	使得	5
才能	在	67
才能	真正	38
才能	让	28
才能	更好	22
才能	确保	17
才能	做到	17
才能	把	16
才能	为	15
才能	有	14
才能	实现	14
才能	更	13
才能	保证	11
才能	不断	10
才能	取得	9
才能	有效	8
才能	成为	8
才能	从	7
才能	从根本上	7
才能	走	7
才能	更加	7
才能	得到	7
才能	使	7
才能	形成	7
才能	获得	6
才能	做好	6
才能	达到	6
才能	看到	6
才能	不	6
才能	避免	5
才能	赢得	5
才能	体现	5
才能	将	5
扎实	做好	24
扎实	推进	22
扎实	的	18
扎实	工作	7
扎实	开展	6
扎根	在	8
扎根	基层	8
扑	在	6
扑	来	5
扑下	身子	13
打	了	80
打	好	76
打	的	34
打	得	23
打	到	15
打	造成	14
打	在	9
打	土豪	8
打	我	7
打	他	7
打	完	6
打	来	6
打	上	6
打	疫苗	6
打	工人	5
打	过	5
打	不	5
打	持久战	5
打下	了	13
打下	坚实基础	12
打乱	了	9
打交道	的	5
打出	了	13
打击	的	13
打击	敌人	12
打击	了	8
打响	了	9
打响	后	7
打响	以来	6
打好	三大	8
打工	的	15
打开	了	17
打开	手机	6
打来	的	5
打电话	给	6
打破	了	21
打硬仗	的	7
打算	在	11
打败	了	13
打赢	脱贫	91
打赢	疫情	72
打赢	这场	54
打赢	打	5
打起	了	7
打通	了	11
打通	服务	5
打造	的	19
打造	了	10
打造	一支	7
打铁	还	10
扔	了	6
扔	到	6
扛	在	21
扛	牢	5
执政	的	24
执政	能力	18
执政	根基	11
执政	骨干	10
执政	理念	10
执政	基础	9
执政为民	的	6
执法	部门	6
执着	的	6
执着	于	5
执纪	问责	17
执纪	的	6
执纪	监督	5
执行	的	10
执行	中	5
执行	能力	5
执行	情况	5
执行力	和	6
扩大	到	10
扩大	了	9
扩大	会议	6
扩展	到	11
扩张	的	5
扩散	蔓延	17
扩散	的	6
扩散	和	5
扭曲	的	7
扭转	了	5
扮演	的	10
扮演	了	5
扶持	政策	7
扶持	力度	5
扶贫	工作	57
扶贫	干部	52
扶贫	领域	38
扶贫	搬迁	26
扶贫	的	21
扶贫	政策	19
扶贫	攻坚	18
扶贫	车间	17
扶贫	工作队	13
扶贫	产品	12
扶贫	云	12
扶贫	路上	8
扶贫	资金	8
扶贫	脱贫	7
扶贫	是	5
扶贫	产业	5
扶贫开发	工作	5
批准	的	38
批准	了	19
批准	使用	8
批示	精神	15
批评	教育	8
批评	的	7
批评	人士	6
批评	与	6
批评	政府	5
批评	中国	5
找	不到	41
找	了	25
找	工作	16
找	我	15
找	他	12
找	她	9
找	差距	7
找	来	6
找	对	5
找准	定位	9
找到	了	59
找到	自己	8
找到	的	8
找到	工作	8
找到	一个	5
找到	新	5
承受	的	10
承受	着	5
承担	着	17
承担	起	16
承担	的	11
承担	了	10
承认	自己	8
承诺	的	7
承载	着	13
承载	的	5
技术	的	45
技术	和	22
技术	与	8
技术	公司	8
技术	等	7
技术	支撑	7
技术	研发	7
技术	上	7
技术	应用	6
技术	攻关	5
技术	工人	5
技术	问题	5
技术	体系	5
技能	培训	6
技能	和	5
抄	了	5
抄	截	5
把	自己	133
把	人民	100
把	他	55
把	群众	53
把	它	46
把	党	44
把	工作	40
把	学习	40
把	我	37
把	疫情	33
把	思想	30
把	她	28
把	这个	27
把	我们	25
把	好	23
把	孩子	22
把	这些	21
把	你	21
把	他们	20
把	对	18
把	这	17
把	所有	17
把	责任	17
把	政治	17
把	权力	16
把	人	15
把	控	15
把	那些	14
把	党中央	14
把	个人	13
把	病毒	13
把	其	12
把	中国	12
把	基层	11
把	实现	11
把	抓	11
把	脱贫	11
把	为	10
把	有	10
把	监督	10
把握	好	30
把握	新	17
把握	正确	11
把握	疫情	6
把握	政策	6
把握	发展	6
把握	政治	5
抑或	是	7
抓	落实	85
抓	在	22
抓	到	17
抓	党建	17
抓	了	15
抓	疫情	11
抓	工作	11
抓	基层	8
抓	重点	8
抓	小	8
抓	改革	6
抓	起来	6
抓	出	6
抓	的	5
抓	复工	5
抓	整改	5
抓	项目	5
抓住	了	12
抓好	疫情	16
抓好	党建	11
抓好	落实	8
抓好	基层	7
抓好	整改	6
抓好	改革	5
抓好	农业	5
抓紧	抓实	14
投	喂	6
投入	到	42
投入	的	14
投入	了	6
投入	工作	5
投入	战斗	5
投票	的	46
投票	中心	17
投票	日	8
投票	方式	6
投票	支持	5
投票	中	5
投诉	占	10
投资	的	11
投资	和	6
投资	项目	5
投身	到	12
投身	新	7
投身	疫情	5
投降	的	10
抗	疫情	9
抗争	的	6
抗体	的	5
抗击	疫情	145
抗击	新冠	70
抗击	新型	13
抗战	的	25
抗战	胜利	19
抗战	精神	10
抗战	爆发	8
抗战	期间	7
抗战	中	5
抗拒	的	5
抗日	根据地	40
抗日	战场	10
抗日	前线	9
抗日	武装	7
抗日	的	7
抗日	斗争	6
抗日	游击队	6
抗日	游击	5
抗日	联军	5
抗日战争	的	11
抗日战争	时期	11
抗日战争	中	8
抗日战争	胜利	6
抗日民族统一战线	的	5
抗美援朝	精神	18
抗美援朝	的	5
抗美援朝	出国	5
抗议	活动	43
抗议	的	8
折叠	屏	10
折射	的	5
抢	了	8
抢	到	7
抢	回来	6
护士	的	6
护理	院	10
护目镜	和	5
报	到	5
报名	参加	6
报名	的	5
报告	了	35
报告	中	26
报告	的	18
报告	说	16
报告	显示	11
报告	称	11
报告	新型	10
报告	确诊	10
报告	新增	7
报告	制度	6
报告	指出	6
报告	提出	5
报告	等	5
报备	制度	6
报纸	上	11
报道	说	35
报道	称	25
报道	了	10
报道	贡献	8
报道	的	8
报道	中	7
报道	和	6
报道	也	5
披露	的	13
抬	上	5
抱	着	31
抱	有	15
抱	起	5
抱怨	自己	5
抵制	各种	6
抵御	风险	6
抵御	重大	5
抵港	人士	20
抵港	的	6
抵达	武汉	9
抹	去	6
抹黑	中国	5
抽取	的	6
抽屉	里	5
抽象	的	7
担	使命	16
担任	过	10
担任	主攻	6
担当	作为	104
担当	的	83
担当	精神	30
担当	有	14
担当	意识	13
担当	和	13
担当	不	12
担当	者	11
担当	是	10
担当	起	8
担当	实干	8
担当	新	8
担当	奉献	6
担当	中	6
担当	尽责	6
担当	责任	6
担当	就是	5
担心	的	18
担心	自己	11
担心	会	5
担负	着	6
拉	着	12
拉	黑	6
拉丁	裔	38
拉开	了	5
拉美	裔	7
拉起	了	5
拉近	与	5
拍	到	25
拍	了	13
拍	完	12
拍	的	12
拍	下	12
拍摄	的	25
拍摄	了	9
拍摄	时	5
拍照	留念	7
拒	不	9
拒绝	了	17
拒绝	透露	5
拒腐防变	的	10
拓展	脱贫	7
拔剑	称王	5
拖	着	8
拖	到	7
拖欠	房租	5
拘捕	一名	37
拘捕	了	6
拘捕	及	6
拘捕	被告	5
拘留	中心	10
拘留	者	6
拘留	的	6
拜	人民	6
拜	登上	5
拜登	的	45
拜登	在	32
拜登	和	19
拜登	政府	11
拜登	是	6
拜登	曾	6
拥护	和	6
拥挤	的	11
拥有	的	27
拥有	了	20
拥有	一个	13
拥有	更	8
拯救	生命	6
拼	多多	10
拼	的	6
拼搏	的	9
拿	着	59
拿	起	37
拿	了	22
拿	出来	15
拿	去	10
拿	的	8
拿	著	8
拿	取	5
拿下	了	5
拿出	了	10
拿到	了	9
拿到	的	5
拿走	了	5
持久	的	11
持久战	的	5
持之以恒	的	6
持有	的	17
持续	发展	39
持续	解决	20
持续	的	19
持续	推进	18
持续	到	18
持续	向	17
持续	加大	11
持续	发力	10
持续	深入	10
持续	深化	10
持续	开展	10
持续	了	9
持续	优化	9
持续	推动	9
持续	巩固	8
持续	蔓延	7
持续	加强	7
持续	增强	7
持续	健康	6
持续	增收	6
持续	下降	6
持续	强化	6
持续	不断	6
持续	增加	6
持续	抓好	5
持续	改善	5
挂	在	42
挂	着	20
挂牌	督战	6
指	的	25
指	他	22
指	自己	15
指	在	15
指	香港	15
指	她	15
指	被告	13
指	已	8
指	如果	8
指	一名	8
指	即使	6
指	政府	6
指	不	5
指	目前	5
指	疫情	5
指	警方	5
指	二人	5
指出	的	20
指出	了	15
指向	了	5
指定	的	25
指定	法官	9
指导	实践	16
指导	下	14
指导	和	11
指导	工作	11
指导	意见	6
指导	原则	5
指导	地位	5
指导思想	和	6
指引	下	10
指引	着	8
指引	我们	5
指战员	们	5
指挥	的	13
指挥	下	9
指挥	部队	8
指挥部	的	6
指控	的	12
指控	他	8
指控	是	6
指控	在	6
指数	换取	5
指明	了	42
指标	的	5
指示	批示	21
指示	和	5
指示	要求	5
指示精神	和	8
指责	中国	6
按	年	25
按	月	18
按	下	11
按	需	7
按	要求	6
按	规矩	5
按	自己	5
按年	下跌	5
按照	习近平	13
按照	规定	11
按照	中央	9
按照	党中央	9
按照	新	7
按照	当时	6
按照	自己	5
按照	目前	5
按照	制度	5
挑	最重	7
挑战	的	24
挑战	和	15
挑战	前所未有	6
挑选	的	7
挖	了	6
挡住	了	8
挤满	了	5
挨	了	6
振兴	的	28
振兴	战略	27
振兴	有效	14
振兴	是	5
振兴	有机	5
挺	好	16
挺	在	15
挺	好看	5
挺	有	5
挺身而出	的	6
挺进	军	6
挽	着	5
挽救	了	12
挽救	生命	8
捍卫	了	5
捐	了	9
捐款	的	9
捐献	血浆	7
捐赠	了	13
捐赠	给	7
损失	降到	9
损失	的	6
损失	了	6
损害	群众利益	11
损害	了	8
损害	的	6
换	了	14
换	一个	5
换位	思考	5
换届	工作	13
换届	纪律	6
换来	的	15
换来	了	8
捧	着	7
据	报道	30
据	了解	28
据	新	12
据	媒体报道	8
据	路透社	8
据	史料	6
据	相关	6
据	记载	6
据	不	5
据	美国	5
掀起	了	9
掉	了	12
掉	以	9
掉	下	5
掉	的	5
掌握	了	21
掌握	的	18
掌握	在	9
掌握	疫情	9
掌握	着	7
掌握	马克思主义	6
掌握	群众	6
排	在	15
排名	第二	5
排放	的	5
排斥	的	5
排查	出	7
排查	和	6
排起	了	5
排除	在	7
排除	在外	6
排除	有	5
探月	工程	7
探索	的	8
探索	和	7
探索	建立	6
接下来	的	28
接下来	就是	6
接下来	我们	5
接到	了	13
接到	通知	9
接到	电话	7
接到	命令	6
接到	的	5
接力	奋斗	5
接受	了	46
接受	的	41
接受	病毒	20
接受	新冠	14
接受	治疗	13
接受	采访	12
接受	监督	10
接受	群众监督	8
接受	隔离	7
接受	检测	7
接受	疫苗	6
接受	医学观察	6
接受	人民	5
接受	电话	5
接地	气	24
接壤	的	7
接收	的	7
接班人	问题	5
接班人	的	5
接着	说	12
接着	又	6
接种	疫苗	14
接种	了	7
接种	的	6
接管	工作	5
接续	奋斗	10
接续	推进	6
接见	了	6
接触	的	20
接触	到	16
接触	过	12
接触	者	11
接触	传播	5
接触	史	5
接近	的	7
接近	尾声	5
接近	零	5
控制	疫情	51
控制	的	49
控制	疾病	36
控制	住	29
控制	和	24
控制	在	16
控制	了	14
控制	病毒	12
控制	与	8
控制	新冠	7
控制	等	7
控制	及	6
控制	到	6
控制	成本	6
控制	得	5
控制	不住	5
控制中心	的	6
推	文中	10
推	特等	6
推出	的	70
推出	了	62
推出	新	12
推出	全新	6
推动	高质量	51
推动	工作	30
推动	新	24
推动	了	21
推动	形成	21
推动	经济社会	14
推动	全面	13
推动	构建	12
推动	各项	11
推动	社会	11
推动	事业	10
推动	复工	10
推动	发展	10
推动	经济	9
推动	下	9
推动	乡村	9
推动	党	9
推动	解决	8
推动	各级	7
推动	全省	7
推动	中国	7
推动	世界	7
推动	纪检监察	6
推动	建设	6
推动	湖南	6
推动	改革	6
推动	各地	6
推动	国家	6
推动	基层	6
推动	企业	6
推动	绿色	5
推动	作用	5
推动	干部	5
推动	文化	5
推动	疫情	5
推文	表示	6
推翻	了	6
推荐	的	7
推行	的	10
推诿	扯皮	10
推进	全面	31
推进	疫情	29
推进	国家	29
推进	不敢	26
推进	乡村	18
推进	复工	9
推进	农村	9
推进	工作	9
推进	的	9
推进	纪检监察	9
推进	了	8
推进	合作	8
推进	脱贫	8
推进	新冠	8
推进	社会主义	7
推进	党的建设	7
推进	会上	6
推进	新	6
推进	各项	6
推进	生态	6
推进	基层	6
推进	到	5
推进	自我	5
推进	依法治国	5
推进	媒体	5
推进	生产	5
推进	法治	5
推进	农业	5
推进	社会	5
推进	巩固	5
推进改革	开放	7
推迟	了	5
掩护	下	14
掩盖	了	6
措施	的	46
措施	和	17
措施	是	15
措施	落实	12
措施	下	11
措施	包括	11
措施	也	10
措施	将	9
措施	在	7
措施	外	7
措施	要	6
措施	不	6
措施	防止	6
措施	及	6
措施	而	5
措施	都	5
描绘	了	10
描绘	的	5
描述	了	13
描述	的	11
描述	为	7
提	着	8
提	的	7
提	上	5
提交	了	15
提交	的	14
提交	给	7
提交	文件	5
提供	了	220
提供	的	165
提供	坚强	67
提供	更	38
提供	给	23
提供	有力	21
提供	支持	13
提供	帮助	12
提供	免费	12
提供	服务	11
提供	一个	10
提供	坚实	10
提供	强大	9
提供	最	9
提供	便利	8
提供	有	8
提供	安全	7
提供	必要	7
提供	口罩	6
提供	更好	6
提供	最高	6
提供	新	6
提供	食物	6
提供	疫苗	6
提供	信息	6
提供	全面	6
提供	保障	6
提供	所	6
提供	基本	6
提供	在	6
提供	充足	5
提供	力所能及	5
提供	法律	5
提供	更加	5
提供	就业	5
提倡	的	10
提出	的	151
提出	了	150
提出	要	19
提出	更	7
提出	新	7
提出	刑事	6
提出	一系列	6
提出	明确要求	5
提出	以	5
提出	质疑	5
提出	任何	5
提出	自己	5
提出	警告	5
提到	的	15
提到	了	15
提前	投票	19
提前	至	5
提前	谋划	5
提升	了	40
提升	自己	25
提升	基层	18
提升	至	16
提升	的	15
提升	自身	13
提升	自我	12
提升	能力	11
提升	到	9
提升	政治	9
提升	组织	8
提升	脱贫	7
提升	治理	7
提升	工作	6
提升	人民	6
提升	城市	6
提升	群众	6
提升	服务	5
提升	农业	5
提升	产业	5
提升	香港	5
提及	的	17
提名	的	6
提拔	使用	5
提早	投票	7
提案	的	14
提案	中	6
提档	升级	8
提起	的	5
提醒	市民	29
提醒	大家	16
提醒	自己	8
提醒	我们	8
提醒	他	7
提醒	乘客	5
提高	政治	64
提高	了	34
提高	解决	27
提高	自身	23
提高	自己	15
提高	到	14
提高	群众	11
提高	工作	11
提高	基层	11
提高	能力	10
提高	的	10
提高	至	9
提高	免疫力	9
提高	运用	8
提高	治理	7
提高	科学决策	6
提高	抓	6
提高	工作效率	6
提高	党	5
提高	为	5
提高	自我	5
提高	思想认识	5
插	在	6
插手	香港	8
揪心	事	9
揭开	了	13
揭示	了	20
援助	金	14
援助	的	10
援助	和	5
援引	了	5
搅拌	均匀	5
搓手	液	12
搜	出	9
搞	得	22
搞	到	14
搞	形式主义	12
搞	了	9
搞	的	5
搞	数字	5
搞定	了	5
搬	到	32
搬迁	后续	7
搬迁	群众	5
搭	上	13
搭	了	5
搭建	的	7
搭建	了	6
搭载	了	28
搭载	的	7
携带	的	6
摆	到	6
摆	上	6
摆	了	5
摆在	更加	7
摆在	重要	6
摆放	在	5
摆脱	贫困	15
摆脱	了	10
摇摆	州	5
摘	了	5
摧毁	了	6
摸	着	5
摸清	了	5
撑腰	鼓劲	7
撞	向	23
撞	到	20
撞	上	9
播出	的	10
播放	量	6
撰写	了	8
撸	起	21
操作	的	7
操心	事	13
操控	的	7
支付	的	9
支付	了	8
支持	的	53
支持	和	48
支持	下	24
支持	香港	12
支持	他	10
支持	拜登	9
支持	民主	8
支持	力度	8
支持	及	7
支持	企业	6
支持	了	5
支持	触控	5
支持	与	5
支持	政府	5
支持	湖南	5
支持	你	5
支持者	的	8
支持者	在	5
支援	黄冈	24
支援	湖北	15
支援	武汉	11
支援	的	8
支援	下	6
支援	措施	5
支撑	和	12
支撑	着	8
支撑	的	7
收	了	5
收入	的	12
收入	和	10
收入	下降	6
收入	来源	6
收到	了	32
收到	的	27
收到	通知	8
收取	的	6
收官	之	43
收官	之战	10
收治	的	8
收治	新冠	7
收治	了	5
收治	能力	5
收获	了	10
收获	的	6
收集	的	17
收集	到	12
收集	了	8
收集	包	7
收集	深喉	5
改变	了	34
改变	的	12
改变	自己	9
改变	不了	8
改善	民生	18
改善	了	10
改善	的	9
改善	人民	6
改成	了	5
改编	为	12
改进	作风	14
改进	推动	8
改进	的	6
改进	工作作风	6
改造	后	7
改造	的	7
改造	工程	5
改造	成	5
改革	发展	55
改革	的	50
改革	创新	31
改革	任务	8
改革	和	7
改革	攻坚	5
改革开放	的	28
改革开放	以来	14
改革开放	之初	7
改革开放	是	5
攻击	的	10
攻击	中国	5
攻坚	的	116
攻坚	工作	45
攻坚	任务	30
攻坚	成果	23
攻坚	一线	22
攻坚	目标	18
攻坚	中	15
攻坚	是	15
攻坚	决战	13
攻坚	收官	11
攻坚	提供	11
攻坚	等	9
攻坚	取得	9
攻坚	全面	7
攻坚	之	6
攻坚	力度	6
攻坚	作为	6
攻坚	态势	5
攻坚	第一线	5
攻坚	和	5
攻坚	这场	5
攻坚克难	的	17
攻坚克难	中	5
攻坚战	的	28
攻坚战	全面	9
攻坚战	中	8
攻坚战	提供	6
攻坚战	是	5
放	了	11
放	倒	8
放	上	5
放	的	5
放在	第一位	44
放在	心中	14
放在	了	9
放在	工作	5
放学	后	7
放弃	了	22
放弃	的	13
放弃	自己	6
放弃	对	5
放心	的	5
放心	了	5
放松	了	13
放松	警惕	10
放松	的	9
放置	在	12
政党	的	12
政务	服务	12
政务	处分	9
政商	关系	9
政客	的	8
政客	和	7
政府	的	195
政府	在	55
政府	和	47
政府	要	36
政府	工作	30
政府	官员	27
政府	已	24
政府	也	23
政府	表示	23
政府	宣布	21
政府	亦	18
政府	对	17
政府	推出	17
政府	将	15
政府	正在	15
政府	早前	13
政府	以	12
政府	及	12
政府	向	12
政府	都	12
政府	有	12
政府	提出	11
政府	一直	10
政府	可以	10
政府	提供	10
政府	今日	10
政府	就	9
政府	合作	9
政府	正	9
政府	防疫	9
政府	可	8
政府	总理	8
政府	是	8
政府	公布	8
政府	机构	8
政府	要求	7
政府	於	7
政府	不	7
政府	还	7
政府	支持	7
政权	的	15
政治	上	93
政治	能力	69
政治	建设	65
政治	站位	49
政治	方向	43
政治	生态	41
政治	任务	38
政治	的	35
政治	监督	33
政治	生活	33
政治	纪律	32
政治	规矩	24
政治	本色	23
政治	品格	22
政治	和	21
政治	人物	21
政治	意识	20
政治	工作	17
政治	定力	17
政治	担当	16
政治	优势	16
政治	理论	15
政治	自觉	15
政治	力量	14
政治	功能	14
政治	历练	13
政治	原则	13
政治	效果	11
政治	因素	10
政治	品质	10
政治	过硬	10
政治	问题	9
政治	标准	9
政治	要求	9
政治	鉴别力	8
政治	组织	8
政治	安全	7
政治	引领	7
政治	制度	7
政治	责任感	7
政治部	主任	14
政策	的	59
政策	和	27
政策	落实	20
政策	举措	10
政策	是	10
政策	支持	9
政策	制定	8
政策	制定者	6
政策	宣传	6
政策	体系	6
政策	理论	6
政策	落地	5
政策	时	5
政策	上	5
政绩	考核	46
政绩	的	11
政绩	工程	5
故	不	7
故乡	的	6
故事	的	21
故事	中	11
故事	和	9
故事	都	6
故事	也	6
故障	问题	5
效应	对	6
效果	的	11
效果	也	9
效率	和	6
效率	低下	5
效益	和	7
效能	的	5
敌人	的	57
敌人	也	5
敌人	在	5
敌人	所	5
敌军	的	5
敌我	双方	8
敏感	的	21
敏锐性	和	5
救	了	9
救	市	5
救助	方案	6
救援	人员	5
救治	工作	12
救治	中心	11
救治	患者	7
救治	医院	5
救治	成功率	5
救灾	工作	8
教会	的	5
教堂	的	5
教学	的	12
教学	中	8
教师	的	14
教师	和	6
教师	要	5
教师	在	5
教师队伍	建设	5
教授	的	13
教授	和	6
教授	表示	6
教育	的	79
教育	和	37
教育	培训	23
教育	成果	18
教育	基地	17
教育	工作	17
教育	中	16
教育	是	16
教育	活动	12
教育	事业	12
教育	管理	11
教育	与	9
教育	等	9
教育	方式	9
教育	孩子	9
教育	质量	8
教育	实践	7
教育	及	6
教育	党员	5
教育	改革	5
教育	扶贫	5
教育	机构	5
教育	常态	5
教育	系统	5
教育	行政部门	5
教育	要	5
教育	理念	5
教育局	在	7
教育局	的	5
教育引导	党员	6
教育引导	党员干部	5
教育界	立法	5
敢	担当	25
敢	闯	11
敢	打硬仗	10
敢	啃	8
敢	为	8
敢	打	7
敢	想	7
敢	做	6
敢	作为	6
敢为人先	的	8
敢于	担当	88
敢于	负责	8
敢于	直面	7
敢于	迎难而上	7
敢于	挑战	6
敢于	亮剑	6
敢于	善于	6
敢于	挺身而出	5
敢抓	敢管	5
散	去	11
散乱	污	6
散发	着	6
散落	在	7
敦促	居民	8
敬业	奉献	5
数	小时	6
数万	人	8
数以万计	的	6
数十年	来	12
数千	人	6
数字	经济	22
数字	的	9
数字	脱贫	7
数字	显示	5
数字化	转型	9
数据	显示	55
数据	的	23
数据	和	12
数据	来看	10
数据	统计	9
数据	在	7
数据	等	5
数据	平台	5
数月	的	8
数量	的	18
数量	为	7
数量	是	7
数量	和	5
敲响	了	10
敲锣打鼓	就	7
整个	过程	18
整个	国家	12
整个	社会	11
整个	人	9
整个	世界	7
整个	行业	5
整个	景区	5
整个	中国	5
整体	的	15
整体	表现	8
整体	上	6
整改	落实	18
整改	到位	7
整改	的	6
整改	工作	5
整治	形式主义	17
整治	和	6
整治	群众	6
整治	浪费	6
整理	了	5
文件	的	12
文件	中	11
文件	和	7
文件	及	5
文件	显示	5
文化	的	87
文化	和	60
文化	旅游	19
文化	中	18
文化	中心	16
文化	建设	15
文化	自信	13
文化	等	10
文化	是	10
文化	艺术	9
文化	传统	8
文化	水平	8
文化	服务	7
文化	软	7
文化	生活	7
文化	内涵	7
文化	复兴	6
文化	强国	6
文化	精神	6
文化	基因	5
文化	资源	5
文字	的	7
文字	记载	5
文明	建设	42
文明	的	39
文明	思想	13
文明	行为	13
文明	实践	10
文明	家庭	7
文明	和谐	6
文明	程度	5
文明	新风	5
文明	发展	5
文明	上网	5
文明	和	5
文明	码	5
文明城市	测评	6
文物保护	单位	7
文章	中	18
文章	的	14
文章	指出	7
文风	和尚	5
斗争	的	56
斗争	中	48
斗争	精神	45
斗争	本领	12
斗争	取得	9
斗争	形势	8
斗争	压倒性	8
斗争	第一线	8
斗争	一线	7
斗争	实践	5
斧子	老师	6
斯	中心	5
斯大林	的	5
新	时代	776
新	的	588
新	发展	158
新	中国	103
新	征程	92
新	要求	46
新	湖南	40
新	问题	34
新	病例	33
新	作为	31
新	媒体	29
新	技术	26
新	形势	24
新	情况	23
新	移民	22
新	阶段	22
新	时期	21
新	措施	20
新	模式	19
新	常态	19
新	基建	19
新	挑战	18
新	生活	17
新	局面	17
新	冠	17
新	担当	17
新	京报	16
新	思想	16
新	任务	16
新	观点	14
新	动能	13
新	经济	13
新	胜利	12
新	成效	11
新	变化	11
新	政策	10
新	限制	9
新	青年	9
新	产品	9
新	法律	9
新一轮	的	6
新冠	肺炎	1173
新冠	病毒	769
新冠	疫情	332
新冠	疫苗	85
新冠	病例	35
新冠	病毒感染	33
新冠	患者	28
新冠	死亡	17
新冠	病毒检测	15
新冠	住院	11
新冠	的	11
新冠	病人	9
新冠	感染	8
新冠	确诊	6
新加坡	的	9
新华	广播电台	5
新华社	北京	5
新四军	的	9
新型	冠状病毒	246
新型	肺炎	54
新型	病毒	11
新型	冠状	6
新型	的	5
新增	病例	80
新增	确诊	54
新增	死亡	44
新增	的	25
新增	了	22
新增	新冠	21
新增	感染	10
新增	就业	7
新增	重症	6
新增	逾	6
新增	出院	5
新天地	教会	8
新年	假期	10
新浪	微博	5
新生	的	5
新疆	的	8
新能源	汽车	7
新诗	的	5
新车	的	7
新车	采用	6
新闻	发布会	51
新闻	机构	13
新闻	的	11
新闻	网站	7
新闻	发言人	6
新闻	工作者	6
新闻	发布	5
新高	地	5
新鲜	的	9
新鲜	蔬菜	5
方	能	39
方	的	7
方便	了	7
方便	的	6
方向	的	22
方向	和	18
方向	发展	15
方式	方法	31
方式	的	20
方式	是	16
方式	来	16
方式	和	15
方式	进行	12
方式	也	9
方式	在	8
方式	去	6
方式	向	6
方式	被	5
方式	之一	5
方方面面	的	6
方案	的	6
方案	是	5
方案	包括	5
方法	是	17
方法	和	14
方法	来	10
方法	的	6
方法	进行	5
方法	就是	5
方法	可以	5
方舱	医院	41
方针政策	和	9
方针政策	的	6
方面	的	191
方面	都	26
方面	存在	20
方面	也	20
方面	做	14
方面	取得	13
方面	进行	13
方面	有	11
方面	是	8
方面	对	7
方面	做出	7
方面	入手	7
方面	均	7
方面	力量	6
方面	表现	6
方面	问题	6
方面	优秀人才	6
方面	能力	5
方面	在	5
方面	加强	5
方面	亦	5
於	是	103
於	新冠	81
於	去年	61
於	今年	55
於	疫情	54
於	本月	53
於	上	46
於	今日	43
於	香港	30
於	社交	28
於	有	27
於	昨日	25
於	下	25
於	在	23
於	自己	22
於	同日	20
於	加州	18
於	本	17
於	他	17
於	下午	16
於	明年	15
於	近期	14
於	二	12
於	本周	11
於	被	11
於	其他	11
於	全球	11
於	凌晨	10
於	所有	10
於	公立	10
於	晚上	10
於	其	10
於	三月	9
於	本港	9
於	周一	9
於	政府	9
於	此	9
於	日本	8
於	周三	8
於	上周	8
施加	的	5
施策	的	6
旁	的	12
旁边	的	17
旅	旅长	6
旅客	的	10
旅客	和	5
旅客	入境	5
旅游	景区	13
旅游	的	11
旅游	等	11
旅游	资源	10
旅游	发展	7
旅游	厅	7
旅游	和	7
旅游	公司	6
旅游	扶贫	5
旅游	市场	5
旅游业	的	7
旅行	史	10
旅行	的	10
旅行	限制	8
旅行	禁令	8
旅行	计划	5
旅行	和	5
旅行	代理商	5
旅行者	入境	5
旅途	上	5
族群	的	5
族裔	的	19
族裔	和	8
旗下	的	37
旗帜鲜明	地	9
旗帜鲜明	讲	9
无	我	14
无	新增	13
无	禁区	9
无	接触	7
无	死角	6
无	所	5
无	语	5
无	钥匙	5
无不	是	6
无产阶级	的	6
无人	车	6
无关	的	8
无处	遁形	6
无奈	的	12
无奈	之下	6
无尽	的	12
无形	的	8
无悔	的	5
无情	的	7
无意	中	8
无愧于	人民	9
无愧于	时代	8
无所谓	的	5
无数	的	23
无数	人	6
无条件	投降	8
无比	的	5
无法	正常	12
无法	在	9
无法	解决	7
无法	确定	7
无法	得到	6
无法	实现	6
无法	被	5
无法	理解	5
无法	与	5
无疑	是	40
无疑	会	7
无疑	将	6
无症状	感染者	34
无症状	感染	5
无私	的	9
无私奉献	的	15
无线	充电	11
无缝	对接	5
无论	在	18
无论	你	8
无论	什么	8
无论	遇到	6
无论	从	6
无论	身处	5
无论	我们	5
无论是	在	10
无车	家庭	6
无限	的	18
无非	是	16
无非	就是	10
既	是	107
既	要	89
既	能	17
既	不	14
既	可以	12
既	没有	8
既	不能	8
既	不是	6
既	能够	5
既定	的	14
既定	程序	7
既定	指引	5
既然	是	10
既要	有	11
日	在	190
日	的	146
日	下午	119
日	上午	102
日	表示	55
日	凌晨	51
日	宣布	49
日	晚上	45
日	伪军	30
日	开始	30
日	新增	30
日	之前	28
日	中午	25
日	正式	25
日	公布	23
日	曾	22
日	早上	20
日	和	19
日	就	16
日	报道	16
日	傍晚	15
日	清晨	14
日	召开	14
日	是	14
日	重新	14
日	也	13
日	从	12
日	接受	12
日	被	12
日	再	11
日	或	11
日	已	11
日	推出	11
日	确诊	10
日	举行	10
日	前往	9
日	生效	9
日	返回	9
日	将	9
日	完成	8
日前	在	26
日前	宣布	9
日前	的	8
日前	宣	6
日前	表示	6
日前	接受	6
日前	已	5
日前	公布	5
日前	就	5
日增	率	37
日增	病例	6
日夜	值守	6
日子	里	22
日子	越过	5
日常	工作	45
日常	的	21
日常	使用	18
日常	监督	16
日常	管理	11
日常生活	中	18
日常生活	的	6
日托	中心	5
日新月异	的	8
日期	的	10
日期	是	8
日期	前	5
日本	人	60
日本	的	49
日本	侵略者	14
日本	国内	11
日本	在	9
日本	兵	7
日本	有	7
日本	经济	7
日本	关东军	6
日本	厚生	6
日本	帝国主义	6
日本	是	6
日本	军队	6
日本	侵略	5
日本	和	5
日本	当局	5
日本	等	5
日本	海军	5
日本首相	安倍	6
日益增长	的	27
日系	人	5
日间	行	5
旧	观点	36
旧	的	7
早	在	108
早	於	20
早	发现	12
早	治疗	10
早	已经	9
早	报告	6
早	的	6
早上	在	12
早上	的	8
早上	出席	5
早前	已	23
早前	有	14
早前	在	14
早前	的	14
早前	宣布	12
早前	表示	10
早前	被	9
早前	曾	9
早前	公布	7
早就	有	5
早已	被	8
早已	不是	6
早已	在	5
早年	曾	5
早日	康	7
早日	实现	6
早日	战胜	5
早期	的	11
早期	投票	5
早稻	生产	6
时	的	107
时	强调	30
时	表示	24
时	就	19
时	指出	17
时	下	16
时	也	12
时	不	11
时	被	9
时	还	9
时	可以	9
时	发现	8
时	都	7
时	却	7
时	长	7
时	在	7
时	与	7
时	左右	6
时	是	6
时	对	6
时	可	5
时	又	5
时	把	5
时	将	5
时代	中国	217
时代	的	192
时代	党	63
时代	新	37
时代	发展	27
时代	纪检监察	23
时代	赋予	12
时代	党的建设	11
时代	潮流	10
时代	都	8
时代	年轻干部	8
时代	最	8
时代	党员干部	8
时代	青年	8
时代	是	8
时代	文明	8
时代	呼唤	7
时代	有	6
时代	全面	6
时代	共产党人	6
时代	干部	6
时代	下	6
时代	先锋	6
时代	内涵	5
时代	所	5
时代	楷模	5
时代	前列	5
时代	长征	5
时代	就	5
时代	步伐	5
时代	需要	5
时代	在	5
时候	都	39
时候	也	18
时候	就	17
时候	是	9
时候	才能	7
时候	了	7
时候	的	7
时候	还	6
时候	开始	6
时候	我们	6
时候	才	6
时候	要	5
时候	我	5
时光	的	8
时光	里	6
时刻	保持	27
时刻	牢记	23
时刻	把	10
时刻	不	5
时刻	注意	5
时刻	绷紧	5
时期	的	47
时期	经济社会	11
时期	我国	8
时期	是	6
时期	发展	5
时而	在	5
时艰	的	12
时间	里	53
时间	的	34
时间	和	31
时间	赛跑	29
时间	内	24
时间	去	18
时间	就	16
时间	都	16
时间	在	12
时间	节点	11
时间	是	11
时间	不	10
时间	来	10
时间	紧	10
时间	长	10
时间	了	8
时间	进行	7
时间	为	7
时间	中	6
时间	与	6
时间	提前	5
时间	最长	5
时间	久	5
时间	线	5
时间	已经	5
时间	不够	5
时间	也	5
时间	才能	5
旺盛	的	12
昂扬	的	6
昂扬	向上	5
昂贵	的	5
明亮	的	14
明天	的	10
明媚	的	5
明年	的	14
明年	一月	9
明年	再	6
明年	是	5
明日	方舟	13
明日	起	5
明明	是	8
明星	的	5
明显	的	40
明显	提升	12
明显	成效	9
明显	增多	5
明显	下降	5
明智	的	11
明朝	的	15
明白	了	26
明白	自己	6
明白	的	5
明确	的	43
明确	了	30
明确	表示	12
昏迷	被	10
易	於	5
易发	多发	5
易地	扶贫	26
易地	搬迁	5
昔日	的	9
昕	动	5
星期	的	23
星期	前	7
星期	才	5
星期一	至	11
星球	的	6
星球	上	6
星球	内部	5
星系	的	7
春天	的	20
春耕	备耕	6
春节	前	10
春节	期间	8
春节	后	7
春节	的	6
昨	宣布	9
昨	凌晨	8
昨	公布	8
昨	表示	5
昨天	在	15
昨天	的	10
昨日	在	31
昨日	公布	21
昨日	的	17
昨日	下午	16
昨日	新增	16
昨日	表示	14
昨日	再	10
昨日	到	8
昨日	已	7
昨日	傍晚	7
昨日	是	6
昨日	有	6
昨日	宣布	6
昨日	被	5
昨日	就	5
昨日	亦	5
昨日	於	5
昨晚	在	11
昨晚	更新	6
是	在	556
是	一个	323
是	我们	288
是	一种	250
是	对	236
是	我	188
是	中国	181
是	有	168
是	最	164
是	个	156
是	为了	137
是	要	135
是	由	129
是	不	123
是	他	107
是	什么	102
是	以	92
是	为	92
是	非常	84
是	很	82
是	一名	78
是	党	72
是	这样	72
是	被	69
是	你	67
是	新	64
是	次	63
是	一场	61
是	谁	60
是	世界	55
是	如何	55
是	自己	51
是	没有	50
是	用	48
是	美国	48
是	人民	47
是	把	46
是	让	46
是	人	45
是	疫情	44
是不是	也	6
是不是	可以	5
是从	中国	5
是否	有	84
是否	能	26
是否	符合	21
是否	会	19
是否	可以	16
是否	存在	15
是否	需要	15
是否	要	12
是否	也	11
是否	真正	10
是否	在	10
是否	能够	8
是否	真的	8
是否	已	7
是否	具有	7
是否	感染	7
是否	合格	6
是否	有人	6
是否	愿意	5
是否	涉及	5
是否	可能	5
是因为	他们	7
是因为	他	6
昼夜	温差	5
显得	尤为重要	8
显得	有些	7
显得	很	7
显得	更加	6
显得	十分	6
显得	非常	5
显然	是	16
显然	已经	6
显然	也	6
显示	出	20
显示	了	12
显示	的	7
显著	优势	21
显著	成效	11
显著	的	10
晚	在	7
晚	的	7
晚	了	7
晚上	在	12
晚上	的	8
晚上	到	7
晚上	近	7
晚上	公布	5
晚饭	后	5
普京	在	5
普京	表示	5
普通	的	43
普通	民众	17
普通	股指	10
普通	老百姓	7
普通	病房	6
普通人	的	10
普遍	的	13
普遍存在	的	7
景区	内	7
景区	的	5
智慧	和	40
智慧	的	16
智慧	城市	12
智能	制造	23
智能	的	5
智能化	的	6
智能网	联	13
暂停	键	8
暂停	所有	6
暂停	了	6
暂时	的	12
暂时	关闭	8
暴力	的	21
暴力	示威	11
暴力	和	8
暴发	的	21
暴发	以来	15
暴发	后	9
暴雨	警告	14
暴露	了	19
暴露	在	17
暴露	的	7
暴露出	的	5
曝光	的	10
曝光	后	5
更	多	895
更	有	161
更	高	104
更	大	103
更	重要	68
更	需要	54
更	容易	39
更	应该	39
更	不能	39
更	快	35
更	可	24
更	美好	20
更	安全	18
更	不是	18
更	在	16
更	低	16
更	不	16
更	远	15
更	适合	13
更	被	13
更	有效	13
更	高水平	13
更	糟糕	13
更	全面	11
更	希望	11
更	严重	11
更	小	11
更	广阔	11
更	深入	11
更	早	11
更	强大	10
更	广泛	10
更	像是	10
更	令人	9
更	需	9
更	方便	9
更	丰富	9
更	有人	9
更	有力	9
更	喜欢	8
更加	需要	18
更加	突出	17
更加	的	16
更加	注重	16
更加	坚强有力	15
更加	坚定	15
更加	美好	12
更加	紧密	11
更加	有	10
更加	科学	10
更加	重要	9
更加	有效	9
更加	有力	8
更加	自觉	8
更加	精准	8
更加	明显	7
更加	深刻	7
更加	公平	7
更加	复杂	6
更加	方便	6
更加	严格	5
更加	严重	5
更加	充实	5
更加	精细	5
更加	适合	5
更加	努力	5
更加	自信	5
更加	完善	5
更加	了解	5
更加	珍惜	5
更加	困难	5
更加	深入	5
更多更好	的	6
更大	的	51
更大	贡献	6
更大	作用	6
更大	力度	5
更好	的	121
更好	地	99
更好	发挥	14
更好	服务	5
更强	的	9
更强	力度	5
更快	的	7
更新	的	11
更新	了	6
更新	观念	6
更是	一种	17
更是	对	12
更是	给	5
更是	要	5
更是	一个	5
更是	我们	5
更是	在	5
更深	的	7
更生	中心	5
更要	有	6
曾	在	176
曾	於	55
曾	是	45
曾	被	43
曾	表示	43
曾	到	42
曾	说	42
曾	有	37
曾	向	26
曾	因	16
曾	对	12
曾	指出	12
曾	去	12
曾	要求	10
曾	以	10
曾	做	9
曾	有人	9
曾	担任	9
曾	就	9
曾	为	8
曾	前往	8
曾	提出	7
曾	和	7
曾	引发	6
曾	透露	6
曾	想	6
曾	与	6
曾	警告	6
曾	赴	5
曾	受到	5
曾	形容	5
曾	强调	5
曾	宣布	5
曾	把	5
曾经	的	20
曾经	说	14
曾经	在	10
曾经	是	6
曾经	有	5
替	他	8
替	你	7
替	她	6
替代	的	9
最	重要	183
最	多	112
最	严重	51
最	需要	48
最	直接	32
最	有效	31
最	喜欢	26
最	关心	25
最	不	23
最	根本	22
最	主要	20
最	可爱	18
最	广大	17
最	基本	17
最	有	16
最	著名	16
最	前线	16
最	伟大	16
最	严格	16
最	开始	16
最	关键	15
最	爱	15
最	糟糕	15
最	安全	14
最	危险	13
最	困难	13
最	美好	12
最	艰难	12
最	现实	12
最	美丽	11
最	真实	11
最	脆弱	11
最	令人	11
最	本质	11
最	容易	11
最	常见	11
最	古老	10
最	全面	10
最	宝贵	10
最	广泛	10
最为	重要	6
最亮	的	6
最低	的	16
最低	限度	7
最低	帧	5
最低	生活	5
最佳	的	13
最佳	游戏	5
最具	代表性	7
最初	的	27
最初	是	10
最后	的	56
最后	一	42
最后	一次	18
最后	一个	12
最后	一天	9
最后	胜利	9
最后	关头	8
最后	都	7
最后	被	6
最后	阶段	5
最后	决定	5
最后	还是	5
最后	是	5
最后	一年	5
最坏	的	9
最多	的	53
最多	可	7
最大	的	364
最大	限度	53
最大	程度	24
最大	努力	16
最大	利益	10
最大	优势	6
最大	城市	6
最大	底气	5
最好	的	187
最好	能	7
最小	的	17
最少	的	11
最少	有	7
最差	的	11
最广	的	5
最强	的	8
最忙	的	5
最快	的	13
最快	可	6
最快	速度	5
最快	於	5
最新	的	64
最新	公布	11
最新	研究	11
最新	疫情	9
最新	成果	9
最新	报道	8
最新	一期	6
最新	政策	5
最早	的	21
最早	在	7
最有	发言权	6
最深	的	15
最终	的	23
最终	决定	9
最终	还是	9
最终	胜利	8
最终	也	8
最终	都	7
最终	将	6
最终	会	6
最终	战胜	5
最终	让	5
最美	的	35
最美	公务员	23
最美	逆	5
最近	的	44
最近	在	12
最近	几天	9
最近	又	8
最近	有	8
最近	一次	8
最近	几周	7
最近	几年	7
最近	才	5
最重	的	8
最长	的	8
最难	啃	9
最高	的	66
最高	可	21
最高	领导人	19
最高	水平	13
最高	位置	11
最高	理想	8
最高	可判	8
最高	纪录	7
最高	权力	6
最高	法	5
最高	领袖	5
最高	境界	5
最高法院	大法官	16
最高法院	的	8
最高级别	的	5
月	的	216
月	中旬	78
月	至	64
月	下旬	59
月	前	56
月	以	48
月	在	42
月	中	38
月	起	37
月	就	29
月	和	26
月	到	24
月	恒指	22
月	开始	20
月	大	17
月	已	16
月	后	14
月	上旬	14
月	以来	14
月	宣布	13
月	内	12
月	疫情	10
月	才	10
月	被	10
月	或	10
月	公布	9
月	都	9
月	有	9
月	曾	9
月	期间	8
月	表示	8
月	推出	8
月	出生	8
月	正式	8
月	左右	7
月	及	7
月	是	7
月	至今	7
月	尾	7
月	上	6
月份	的	44
月份	开始	6
月份	到	5
月初	的	7
月底	止	19
月底	前	12
月底	的	8
月球	表面	7
有	的	433
有	了	344
有	可能	214
有	一个	155
有	很多	143
有	更	122
有	多	103
有	需要	102
有	不少	96
有	信心	80
有	一些	77
有	什么	75
有	多少	73
有	能力	64
有	必要	61
有	一定	61
有	一名	59
有	一种	58
有	任何	57
有	不同	51
有	自己	51
有	许多	42
有	我	41
有	这样	41
有	针对性	41
有	一次	41
有	大量	40
有	很	39
有	一天	39
有	新	38
有	在	34
有	两个	33
有	机会	33
有	戴	32
有	部分	32
有	其他	32
有	很大	31
有	一	31
有	为	29
有	希望	28
有些	人	76
有些	事	12
有些	地方	11
有些	不	8
有些	干部	7
有人	说	59
有人	在	44
有人	被捕	26
有人	向	9
有人	会	9
有人	认为	9
有人	去	8
有人	问	7
有人	担心	5
有人	提出	5
有人	不	5
有人	可以	5
有人	的	5
有人	要	5
有关	部门	42
有关	的	25
有关	方面	9
有关	规定	8
有关	情况	7
有关	事项	6
有关	疫情	6
有关	负责人	5
有关	国家	5
有关	人员	5
有关	中国	5
有利	的	25
有利	地形	9
有利于	人	8
有力	的	59
有力	地	17
有力	有效	13
有力	支撑	9
有力	推动	8
有力	保障	8
有力	有序	7
有力	支持	6
有力	促进	6
有力	举措	5
有助	於	30
有助于	我们	9
有句	话	6
有名	的	25
有太多	的	9
有害	的	5
有序	推进	11
有序	推动	9
有序	地	8
有序	的	8
有序	开展	7
有序	复工	6
有序	参与	6
有意思	的	10
有所	畏	6
有所	保留	6
有所	呼	6
有所	应	6
有所	下降	6
有所	改观	5
有所	止	5
有所	上升	5
有所	回升	5
有所	获	5
有效	的	122
有效	地	35
有效	遏制	18
有效	衔接	17
有效	措施	14
有效	控制	13
有效	防控	10
有效	落实	9
有效	降低	9
有效	防止	7
有效	阻止	7
有效	解决	6
有效	推进	6
有效	提升	6
有效	激发	5
有效	机制	5
有效	引导	5
有效	避免	5
有效	治疗	5
有效	手段	5
有效	减少	5
有时	会	9
有时	也	9
有时	还	5
有时	在	5
有时候	我们	5
有望	在	6
有机	统一	15
有机	结合	12
有机	衔接	6
有点	小	5
有用	的	12
有益	的	7
有着	丰富	7
有着	不同	6
有着	非常	6
有着	很大	5
有趣	的	32
有钱	的	8
有限	的	36
有限公司	的	10
有限公司	负责人	5
有限责任	公司	5
朋友	们	28
朋友	的	25
朋友	都	16
朋友	在	8
朋友	是	8
朋友	或	8
朋友	和	6
朋友	一起	6
朋友	说	5
朋友	要	5
朋友	圈里	5
朋友	有	5
朋友	也	5
服从组织	安排	6
服务	的	117
服务	群众	60
服务	人民	22
服务	于	16
服务	问题	14
服务	工作	12
服务	能力	12
服务	等	12
服务	上	9
服务	和	9
服务	意识	9
服务	保障	9
服务	好	9
服务	机构	8
服务	方式	8
服务	中	8
服务	模式	7
服务	了	7
服务	对象	7
服务	基层	7
服务	国家	6
服务	是	6
服务	组织	6
服务	活动	6
服务	时	5
服务	人员	5
服务	消费	5
服务	贸易	5
服务	功能	5
服务型	政府	6
服役	的	6
服用	了	5
朗	和	8
望	着	21
望	城区	9
朝	中	5
朝鲜	战场	9
朝鲜	的	8
期	的	16
期	病患	15
期	在	8
期	和	6
期	病患者	5
期待	的	12
期待	着	9
期望	政府	7
期望	的	5
期望	和	5
期间	的	19
期间	在	5
期间	有	5
木兰	的	6
未	被	20
未	收到	10
未	完全	9
未	在	8
未	公布	8
未	使用	7
未	完成	7
未	得到	7
未	知道	6
未	有人	5
未	到	5
未	脱贫	5
未必	是	15
未必	能	9
未成年	子女	5
未成年	少女	5
未成年人	的	7
未有	之	49
未有	任何	5
未有	交代	5
未有	佩戴	5
未来	的	63
未来	发展	11
未来	会	6
未来	五年	5
未来	几天	5
未来	几周	5
未来	在	5
未来	几个	5
未知	的	19
未知	是否	6
未经	本人	18
未能	在	10
未能	提供	7
未能	受惠	6
未能	取得	6
未能	出示	5
末期	息	5
本	月初	29
本	就	17
本	的	12
本	周四	12
本	星期	11
本	周末	10
本	周五	9
本	单位	9
本	就是	9
本	已	8
本	地区	7
本	周二	6
本	没有	5
本	部门	5
本人	和	25
本人	也	19
本人	原创	18
本人	的	12
本周	三	13
本周	在	5
本土	病例	15
本土	人才	6
本土	的	6
本地	男子	34
本地	感染	16
本地	女子	13
本地	的	13
本地	口罩	7
本地	新增	5
本地	生	5
本地	疫情	5
本地	病例	5
本届	农博会	9
本帖	为	18
本文	有	22
本月	早些时候	7
本月	中	5
本月	在	5
本月	早些	5
本来	就	13
本来	是	11
本来	就是	9
本来	有	6
本案	的	7
本次	疫情	9
本次	的	6
本港	疫情	27
本港	的	26
本港	新增	26
本港	今日	21
本港	新冠	19
本港	昨日	8
本港	再	6
本港	零售	5
本港	近日	5
本质	上	25
本质	的	14
本质	要求	7
本身	就是	23
本身	的	22
本身	是	19
本身	就	13
本身	也	10
本身	有	7
本领	恐慌	13
本领	高强	6
本领	的	6
朱	某某	6
朱元璋	的	8
朱利安	尼	21
朱德	总司令	7
朱德	同志	6
朴素	的	5
机关	要	38
机关	的	19
机关	和	14
机关	党建	9
机关	人员	5
机关	工作	5
机制	的	10
机制	和	9
机制	上	6
机制	建设	6
机制	不变	5
机器	的	6
机场	的	13
机场	起飞	6
机构	的	24
机构	和	11
机构	也	5
机构	改革	5
机舱	内	5
机遇	和	11
机遇	与	5
杀	了	13
权利	的	10
权力	运行	25
权力	的	19
权力	关进	11
权力	是	7
权力	在	6
权威	和	18
权益	的	13
李	微微	7
李	树身	6
李	亨利	5
李克强	总理	7
李子	柒	5
李白	的	6
杏花	女	9
材料	的	11
材料	和	6
村	的	31
村	党支部	11
村	集体经济	9
村	党组织	8
村	集体	7
村	和	7
村	村民	5
村委会	主任	8
村子	里	11
村干部	的	6
村民	们	22
村民	的	15
村民	生活	5
村级	集体经济	8
村级	组织	6
村里	的	30
杜绝	浪费	8
条	措施	8
条	生产线	5
条件	下	43
条件	的	32
条件	艰苦	14
条件	和	11
条件	恶劣	7
条件	好	5
条例	的	5
来	的	107
来	了	106
来	抓	23
来	进行	20
来	解决	15
来	形容	14
来	看看	13
来	这里	12
来	一直	11
来	为	9
来	实现	9
来	衡量	9
来	帮助	8
来	人	8
来	应对	7
来	给	7
来	处理	7
来	湘	6
来	一场	6
来	和	6
来	吃	6
来	对待	6
来	保护	6
来	作为	5
来	完成	5
来	对	5
来	对付	5
来	提高	5
来	年	5
来	评判	5
来临	之际	6
来之不易	的	14
来到	了	34
来到	这里	8
来到	中国	7
来势汹汹	的	6
来自	于	29
来自	中国	19
来自	武汉	8
来自	网络	6
来自	美国	6
来自	意大利	5
来自	世界各地	5
来自	全国	5
来说	是	34
来说	也	7
来说	都	6
来说	有	5
来说	并	5
杨	老师	5
杨	光华	5
杰出	的	9
松	了	8
松劲	懈怠	6
松绑	减负	7
板凳	上	5
极	不	13
极为重要	的	10
极其重要	的	6
极大	的	29
极大	地	13
极强	的	11
极有	可能	10
极端	的	7
极高	的	6
构建	新	28
构建	人类	21
构建	以	7
构建	了	6
构建	起	6
构建	国内	5
构建	系统	5
构成	了	16
构成	的	7
构筑	起	7
构筑	群防群治	6
构筑	了	5
林	大姐	9
林	女士	6
林肯	酒店	6
果断	行动	5
果然	是	7
枯木	图	5
枯燥	的	5
柏林	的	8
某些	人	15
某些	情况	6
某些	地方	5
某某	的	6
某种意义	上	6
某种程度	上	16
染病	的	13
染病	研究所	6
染病	中心	6
查处	的	8
查处	一起	5
查尔斯	王子	7
标准	和	18
标准	时间	15
标准	的	14
标准	来	6
标准	是	6
标志	着	22
树	人	10
树上	的	5
树立	正确	55
树立	了	15
树立	起	6
树立	坚定	5
树立	和	5
树立	鲜明	5
校园	的	7
校方	已	6
核心	的	124
核心	价值观	44
核心	竞争力	16
核心	地位	13
核心	意识	9
核心	利益	7
核心	是	6
核心	问题	5
核酸	检测	64
根基	在	12
根据	疫情	11
根据	加拿大	10
根据	自己	9
根据	实际	7
根据	不同	6
根据	新	5
根据地	的	25
根据地	军民	6
根本	的	27
根本	就	27
根本	不	26
根本	没有	16
根本	遵循	12
根本	目的	11
根本	问题	7
根本	政治	7
根本	不是	6
根本	制度	6
根本	是	6
根本	不会	5
根本利益	作为	5
根植	于	10
根源	上	5
根源	的	5
格外	注意	5
格局	的	8
桂林	的	6
框架	下	13
案	增至	9
案	的	5
案件	的	23
案件	中	20
案件	交由	16
案件	今	7
案件	是	6
案件	仍	6
案件	正在	5
案例	中	11
案情	指	10
案情	透露	6
桌上	的	5
桌子	上	7
桥	上	11
桥梁	和	5
梁子	超	11
梦	的	29
梦	而	10
梦	中	5
梦寐以求	的	5
梦想	的	22
检查	考核	23
检查	的	8
检查	中	6
检查	了	5
检测	结果	24
检测	试剂盒	21
检测	的	15
检测	试剂	10
检测	出	8
检测	等	8
检测	和	7
检测	呈	7
检测	能力	6
检测	评估	6
检测	到	5
检测	阴性	5
检视	问题	9
检验	的	18
检验	和	7
检验	真理	6
检验	党员干部	6
棒	的	11
棘手	的	12
森林	小丘	11
森林	人	8
森林	和	6
森林	中	5
森林	火灾	5
椅子	上	10
植根	人民	13
植物	的	6
植物神经	紊乱	9
楼上	的	7
概率	事件	12
榜样	的	11
模式	的	13
模式	下	10
模糊	了	5
次	的	7
次	擒	6
次	疫情	5
欢乐	的	5
欢迎	的	7
欣慰	的	5
欧	致富	5
欧元	的	6
欧洲	的	15
欧洲	国家	8
欧洲	大陆	5
欧盟	国家	5
款	车型	13
款	产品	7
款	吉利	6
款	奥迪	6
款	游戏	6
款	一汽	5
款	的	5
歇斯底里	的	7
正	能量	77
正	处于	44
正	因为	30
正	所谓	30
正	的	26
正	处在	20
正	准备	17
正	负电荷	12
正	经历	12
正	接受	10
正	努力	10
正	面临	9
正	研究	9
正	被	8
正	与	8
正	逐步	7
正	就	6
正	物质	6
正	跟	6
正	等候	5
正	增长	5
正	进入	5
正	安排	5
正	兵团	5
正义	的	14
正反	物质	5
正向	激励	9
正在	接受	17
正在	做	14
正在	向	13
正在	努力	13
正在	进行	12
正在	研究	12
正在	调查	9
正在	发生	8
正在	为	8
正在	等待	7
正在	住院	7
正在	用	6
正在	密切	6
正在	以	6
正在	经历	6
正在	与	6
正在	被	5
正在	拓展	5
正在	热播	5
正好	是	6
正如	习近平	13
正如	他	5
正宗	的	5
正常	的	57
正常	生活	20
正常	工作	8
正常	水平	8
正常	情况	8
正常	使用	7
正常	运转	7
正常	运行	6
正常	生产	5
正式	宣布	9
正式	的	7
正式	成立	6
正式	向	6
正式	提出	5
正式	启动	5
正式	推出	5
正式	公布	5
正式	发布	5
正是	因为	41
正是	在	20
正是	我们	12
正是	有	12
正是	由于	9
正是	这些	7
正是	这种	7
正是	他们	6
正是	这	6
正是	中国	6
正是	无数	5
正确	的	147
正确	政绩观	15
正确	道路	10
正确	政治	10
正确	导向	8
正确	领导	6
正确	地	6
正视	问题	5
正面	的	11
正面	宣传	6
正风	反腐	6
此	表示	12
此	事件	7
此	为	6
此	感到	6
此事	的	8
此刻	的	5
此前	曾	23
此前	的	17
此前	在	10
此前	他	6
此后	的	7
此时	的	24
此次	疫情	33
此次	新冠	10
此次	的	7
此次	战斗	6
此次	活动	5
此次	事件	5
此类	行为	7
此类	事件	6
此行	的	5
步兵	第	8
武力	的	7
武器	的	9
武器	罪	8
武昌	方舱	5
武汉	的	57
武汉	肺炎	21
武汉	加油	14
武汉	人民	12
武汉	人	12
武汉	保卫战	11
武汉	是	11
武汉	病毒	11
武汉	疫情	10
武汉	地区	7
武汉	后	6
武汉	封城	6
武汉	工作	6
武汉	有	6
武汉	方舱	5
武汉	出现	5
武装	全党	8
武装	的	6
武装	起来	5
歪	了	5
死	於	41
死	了	35
死	的	27
死	于	19
死	在	13
死	后	6
死	磕	5
死	是	5
死于	新冠	9
死亡	病例	127
死亡	人数	76
死亡	的	63
死亡	案例	29
死亡	事件	11
死亡	和	8
死亡	原因	6
死亡	数字	5
死亡	或	5
死去	的	5
死因	有待	11
死者	是	10
死者	的	8
歼灭	敌人	7
殊死	较量	5
残酷	的	10
段	的	8
段	升	5
毁	了	6
毁灭性	的	7
母亲	的	24
母亲	在	10
母亲	和	8
母亲	也	6
母亲	是	6
母亲	做	5
每	一个	221
每	一位	54
每	一次	45
每	一天	35
每	一名	31
每	一步	19
每	一种	8
每	一粒	7
每	一代人	6
每	一百	6
每	一段	6
每	小时	5
每	一份	5
每	月租金	5
每	一年	5
每一件	事	9
每一件	小事	6
每一项	工作	8
每个	人	214
每个	月	15
每个	时代	11
每个	党员	9
每个	环节	7
每个	角落	5
每人	每月	6
每人	都	5
每名	党员	10
每名	党员干部	6
每周	都	6
每天	都	94
每天	的	28
每天	早上	15
每天	在	10
每天	有	8
每天	工作	7
每天	要	7
每年	都	33
每年	的	21
每年	平均	5
每日	都	14
每日	新增	8
每日	可	5
每月	的	5
每月	都	5
每次	都	20
每股	盈利	5
毒品	的	5
比	去年同期	24
比	去年	20
比	以往	18
比	我	18
比	其他	16
比	我们	15
比	以前	14
比	前一天	9
比	他	9
比	自己	9
比	你	8
比	最高	8
比	前日	7
比	别人	7
比	一般	7
比	现在	7
比	往年	7
比	这	6
比	平时	6
比	平常	6
比	为	6
比	起来	6
比	之前	5
比	在	5
比	任何	5
比	对	5
比例	的	10
比例	也	7
比前	一年	6
比如	在	8
比赛	的	8
比赛	中	7
比较	大	20
比较	多	12
比较	好	11
比较	容易	9
比较	明显	9
比较	高	8
比较	喜欢	7
比较	差	6
比较	低	6
比较	少	6
比较	严峻	5
比较	小	5
比较	长	5
毕业	后	18
毕业	的	7
毕业	了	5
毕业生	就业	15
毕竟	是	19
毛	不易	5
毛主席	的	14
毛主席	说	5
毛主席	在	5
毛巾	等	6
毛泽东	同志	31
毛泽东	的	22
毛泽东	在	18
毛泽东	说	15
毛泽东	主席	12
毛泽东	和	8
毛泽东	为	6
毛泽东	对	6
毛泽东	与	5
毛泽东	曾	5
毛泽东	就是	5
毫	指出	11
毫	强调	9
毫	主持	5
毫不放松	抓紧	7
毫不放松	抓好	6
民	有所	8
民主	的	19
民主	生活	17
民主	制度	13
民主	政治	12
民主	国家	10
民主	共和	5
民主党	的	9
民主派	人士	8
民主派	议员	5
民主评议	党员	6
民事行为	能力	5
民众	的	30
民众	对	11
民众	在	9
民众	和	6
民初	心	6
民意	研究所	6
民政	系统	5
民族	的	60
民族	复兴	33
民族	精神	20
民族	独立	14
民族	地区	13
民族	振兴	10
民族	抗战	8
民族	文化	7
民族	危亡	5
民族	不	5
民法典	的	6
民生	保障	20
民生	的	15
民生	领域	13
民生	工程	12
民生	福祉	8
民生	工作	7
民生	改善	6
民航	公司	5
民营	经济	13
民营企业	的	6
气	的	9
气管	插管	6
氛围	灯	7
水	的	24
水	都	7
水	环境	5
水产	养殖	16
水产	养殖户	5
水体	的	5
水域	的	5
水平	的	49
水平	和	17
水平	是	5
水杯	架	7
永不	懈怠	9
永不	叛党	5
永久	居民	9
永久	居留	5
永久性	居民	9
永恒	的	24
永恒	课题	7
永续	发展	6
永葆	共产党人	7
永远	在	26
永远	是	24
永远	的	18
永远	不会	16
永远	保持	12
永远	不	12
永远	不能	9
永远	把	6
永远	铭刻	5
永远	铭记	5
永远	也	5
永远	地	5
永远	有	5
求情	指	5
求真务实	的	8
汇聚	起	12
汇聚	成	9
污染	防治	17
污染	的	13
污染	治理	5
污蔑	中国	5
汰	的	7
汶川	地震	6
汽	車	8
汽车	的	7
汽车	等	5
沉浸	式	9
沉浸	在	5
沉甸甸	的	5
沉重	的	20
沉重	代价	5
沉默	了	5
沙滩	上	6
沟通	的	12
沟通	协调	7
沟通	和	5
没	了	28
没	人	23
没	问题	18
没	办法	18
没	来得及	16
没	必要	14
没	啥	11
没	能	10
没	吃	9
没	被	8
没	那么	7
没	时间	7
没	去	6
没	的	6
没	给	5
没	找到	5
没	看到	5
没	文化	5
没	毛病	5
没想到	的	5
没有	任何	67
没有	什么	49
没有	人	46
没有	了	43
没有	硝烟	39
没有	一个	34
没有	得到	25
没有	被	24
没有	出现	24
没有	对	18
没有	必要	18
没有	办法	18
没有	改变	17
没有	想到	16
没有	哪个	16
没有	那么	15
没有	说	14
没有	问题	14
没有	给	13
没有	把	13
没有	理由	13
没有	其他	13
没有	明确	13
没有	找到	12
没有	发现	12
没有	谁	11
没有	完成	11
没有	提供	11
没有	的	10
没有	选择	10
没有	接触	9
没有	机会	9
没有	症状	9
没有	绝对	9
没有	在	9
没有	多少	8
没有	经历	8
没有	关系	8
没有	能力	8
没有	真正	8
没见	过	9
河	的	5
河流	的	11
沸腾	的	5
治党	的	8
治党	政治责任	5
治国	理政	39
治好	了	5
治愈	出院	38
治愈	人数	5
治理	能力	99
治理	体系	92
治理	的	34
治理	效能	21
治理	和	13
治理	水平	13
治理	现代化	9
治理	模式	7
治理	工作	7
治理	好	5
治疗	的	18
治疗	方案	8
治疗	费用	5
治疗	和	5
治疗	方法	5
治疗	新冠	5
治疗	药物	5
沾	有	6
沿岸	的	8
沿线	国家	6
法	的	6
法国	的	9
法国	和	5
法官	的	13
法官	在	6
法官	和	5
法庭	文件	14
法庭	的	12
法庭	上	10
法庭	法官	6
法律	的	46
法律	制度	25
法律	和	20
法律	规定	13
法律	上	12
法律	程序	10
法律	体系	8
法律	是	6
法律	要求	5
法案	的	17
法治	思维	19
法治	的	11
法治	建设	10
法治	方式	10
法治	保障	9
法治	社会	8
法治	和	8
法治	轨道	7
法治	政府	6
法治	国家	5
法治	中国	5
法治	精神	5
法治	意识	5
法规	的	17
法规	制度	7
法规	和	5
法院	的	12
法院	法官	10
法院	首席法官	8
法院	在	6
法院	判决	6
法院	被判	5
法院	被	5
泛滥	的	5
泡	在	7
波	疫情	78
波澜壮阔	的	14
注入	了	23
注册	了	5
注定	是	8
注定	要	7
注射	疫苗	9
注射	了	7
注射	流感疫苗	6
注意	到	51
注意	的	21
注意力	集中	5
注重	在	12
注重	发挥	5
洒	在	5
洗	了	9
洗	干净	7
洗手	消毒液	5
洗手液	等	6
洞	的	8
洪流	中	9
活	得	18
活	的	10
活	出	7
活	了	6
活力	的	11
活力	和	10
活动	的	59
活动	人士	38
活动	中	28
活动	在	10
活动	期间	10
活动	和	9
活动	也	8
活动	现场	8
活动	开展	7
活动	将	6
活动	范围	6
活动	上	5
活动	以及	5
活动	等	5
活泼	的	6
活生生	的	6
活着	的	10
活跃	的	8
活跃	起来	5
派	人	27
派	的	11
派	了	9
派	往	7
派	到	5
派	口罩	5
派出	的	7
派出	了	6
派来	的	5
派驻	监督	7
流	了	5
流下	了	5
流传	的	7
流传	着	6
流动	的	12
流动	党员	6
流动	商贩	5
流动	和	5
流失	的	5
流感	的	12
流感	大	8
流感	季	5
流浪	乞讨	5
流浪	更急	5
流淌	在	5
流行	的	51
流行	而	9
流行	中	7
流行	期间	6
流行	下	6
流行病	的	10
流行病学	调查	13
流行病学	家	8
流行病学	史	5
流通	的	5
流量	的	7
测试	结果	14
测试	中	11
测试	的	9
测试	时	5
浓厚	氛围	19
浓厚	的	13
浓墨重彩	的	5
浓烈	的	5
浙江	的	7
浦东	开发	10
浦东	的	9
浪费	行为	41
浪费	的	21
浪费	可耻	16
浪费	现象	14
浪费	了	8
浪费	在	8
浪费	粮食	8
浪费	之风	7
浮云	遮	8
浮现	出	5
海	中	6
海上	丝绸之路	5
海军	的	6
海军	在	5
海外	的	28
海峡	情	6
海峡两岸	同胞	6
海底	捞	6
海鲜	市场	13
消失	了	10
消失	在	8
消失	的	5
消息	指	70
消息	称	18
消息	一出	10
消息	后	9
消息	说	8
消息	透露	8
消息	是	8
消息	指出	8
消息	的	7
消息	传来	7
消息	刺激	6
消息	公布	5
消息人士	透露	20
消息人士	指	11
消息人士	表示	5
消杀	用品	5
消极	的	6
消毒	用品	16
消毒	工作	16
消毒	洗手液	10
消毒	的	8
消毒	等	7
消毒	和	5
消毒	站	5
消毒液	等	11
消灭	了	12
消灭	敌人	7
消费	券	40
消费	扶贫	17
消费	升级	12
消费	的	11
消费	需求	9
消费	和	8
消费者	的	35
消费者	权益	7
消费者	提供	7
消费者	来说	5
消防	救援	11
消防局	表示	9
消除	了	9
消除	贫困	8
涉事	的	13
涉及	的	32
涉及	到	18
涉及	一名	10
涉及	不同	5
涉嫌	非法	16
涉嫌	在	13
涉嫌	於	9
涉嫌	违反	5
涉案	男子	10
涉案	的	10
涉案	人士	5
涉案	嫌疑人	5
涌现	出来	6
涌现	了	5
涌现出	了	7
液晶	仪表	8
涵盖	了	5
淡化	了	5
深	的	14
深	做	5
深入	学习	75
深入	推进	22
深入	一线	19
深入	的	19
深入	贯彻落实	18
深入	贯彻	15
深入	了解	13
深入	到	13
深入	实施	11
深入	思考	9
深入	地	8
深入	领会	6
深入基层	一线	9
深入调查	研究	6
深切	的	9
深刻	的	52
深刻	认识	35
深刻	把握	18
深刻	变化	9
深刻	地	8
深刻	感受	6
深刻	总结	6
深刻	内涵	6
深刻	复杂	6
深刻	体会	6
深刻	揭示	5
深刻	阐明	5
深化	主题	6
深化	拓展	5
深化	了	5
深化	扶贫	5
深化	纪检监察	5
深化改革	的	9
深化改革	开放	6
深厚	的	28
深喉	唾液	41
深圳	的	9
深处	的	6
深层次	的	5
深度	融合	19
深度	的	8
深度	贫困地区	6
深度	学习	5
深度	和	5
深水	埗	50
深水	区	7
深沉	的	5
深深	的	13
深远	的	10
混	在	5
混乱	的	10
混合	模式	5
添加	了	7
清	的	9
清一色	的	5
清新	的	5
清晰	的	20
清晰	地	9
清楚	地	19
清楚	自己	9
清楚	的	8
清楚	明白	6
清正廉洁	的	11
清洁	能源	8
清洁	消毒	5
清清白白	做人	8
清理	工作	5
清醒	的	27
清醒	头脑	11
清醒	被	8
清醒	地	7
清醒认识	到	5
渐进	的	5
渠道	的	5
渣	男	5
温和	的	5
温室	气体	7
温室	大棚	6
温度	的	9
温暖	的	32
温暖	人心	10
温暖	了	10
温暖	和	9
温暖	与	7
温暖	着	7
温柔	的	8
温水	煮	5
温饱	问题	5
港	的	13
港	人士	11
港	公路	9
港	大校	8
港	大	6
港	上市	6
港九	新界	5
港人	的	12
港人	在	6
港口	的	6
港大	微生物	13
港澳	研究	5
港版	健康	5
港股	上升	11
港股	下跌	7
港股	向上	6
港股	跌幅	6
游击	总队	5
游击队	的	9
游客	的	5
游戏	的	21
游戏	本	19
游戏	中	18
游戏	体验	14
游戏	行业	6
游戏	产业	5
游戏	公司	5
游行	的	5
湍急	的	7
湖北	的	20
湖北	籍	11
湖北	保卫战	8
湖北	武汉	7
湖北	人	6
湖北	医疗队	6
湖北	黄冈	5
湖北	疫情	5
湖北	人民	5
湖北省	黄冈市	9
湖北省	的	8
湖北省	和	5
湖南	的	45
湖南	客户端	22
湖南	支援	19
湖南	医疗队	14
湖南	经济	11
湖南	在	9
湖南	将	9
湖南	考察	7
湖南	代表团	7
湖南	广播	7
湖南	发展	7
湖南	是	7
湖南	特色	7
湖南	疫情	6
湖南	商会	6
湖南	各地	6
湖南	人民	6
湖南	有	6
湖南	中医药大学	5
湖南	与	5
湖南	湘江	5
湖南	美食	5
湖南	广电	5
湖南	米粉	5
湖南省	人民	9
湖南省	累计	7
湖南省	新冠	5
湖湘	青年	7
湘	就业	29
湘	消费	13
湘	全国政协	5
湘	全国	5
湘江	新区	14
湘江	周刊	12
湘西	州	20
湘西	的	5
湘赣	边	9
湘雅	三	12
湘雅	二	8
源	於	5
源头	上	13
源源不断	的	14
滋养	初	5
滚烫	的	5
满	了	11
满意	的	30
满意度	调查	6
满足	人民	21
满足	了	11
满足	于	10
满足	和	6
满足	自己	6
满足	群众	5
漂亮	的	22
漂白	水	10
漏	一户	5
演出	的	12
演变	为	10
演员	的	7
演唱	的	6
演讲	中	6
漫长	的	23
潜力	的	6
潜在	的	12
潜在	风险	5
潭	医院	16
潭	一体化	12
潮流	的	5
澄清	指	6
澎湃	新闻	6
澳大利亚	的	17
澳洲	普通	10
激动	的	5
激励	着	19
激励	干部	17
激励	和	16
激励	我们	7
激励	党员干部	6
激励	他们	5
激励	措施	5
激励	引导	5
激发	了	12
激发	人才	7
激发	干事	6
激增	的	17
激怒	了	9
激情	和	8
激情	的	6
激烈	的	19
激起	了	6
激进	的	6
濒危	野生动物	5
火	了	6
火	的	6
火星	的	6
火神	山	33
灯下	黑	8
灵敏	的	6
灵活	的	16
灵魂	的	8
灾难	的	6
灾难性	的	11
灿烂	的	13
炎陵	黄桃	12
炒	的	6
炒股	不	6
点	了	11
点	的	9
点击	量	6
点点滴滴	的	5
点燃	了	7
烈士	和	7
烈士	的	5
烈日	下	8
烟火	气	10
热	搜	20
热情	和	9
热情	地	5
热情	的	5
热点	难点	5
热烈	反响	8
热烈	的	5
热闹	的	10
焕发	出	5
焕发	出新	5
焦虑	和	9
焦虑	的	5
然后	再	15
然后	在	14
然后	是	9
然后	我	9
然后	就	8
然后	又	7
然后	把	6
然而	在	18
照亮	了	6
照片	的	11
照片	中	9
照片	显示	7
照片	和	6
照顾	好	10
煮	了	5
熟悉	的	52
熟悉	了	6
熟知	的	10
燃油	经济性	6
燃烧	的	11
爆	了	5
爆发	后	25
爆发	的	25
爆发	了	11
爆发	以来	11
爆炸	的	9
爆炸	发生	5
爬	上	13
爬	到	10
爬	了	5
爱	的	29
爱	你	14
爱	吃	8
爱	自己	7
爱	孩子	7
爱	和	7
爱	一行	7
爱	与	6
爱	我	5
爱人	的	6
爱国	情怀	11
爱国	奉献	5
爱国主义	教育	20
爱国主义	精神	12
爱国主义	的	5
爱情	的	12
爱情	是	5
爱护	环境	6
父亲	的	42
父亲	在	11
父亲	是	10
父亲	说	9
父亲	和	7
父亲	就	5
父母	的	47
父母	在	15
父母	和	11
父母	是	9
父母	都	9
父母	也	6
父母	可以	5
爷爷	和	5
爷爷	的	5
爸爸	的	9
爸爸	和	5
片	人	6
版	车型	13
版	的	9
版本	的	10
牌子	的	5
牌照	的	6
牛	逼	7
牢固	树立	85
牢固	的	7
牢牢	把握	32
牢牢	植根	10
牢牢	守住	9
牢牢	掌握	9
牢牢	抓住	7
牢记	使命	136
牢记	习近平	14
牢记	党	13
牢记	初	12
牢记	自己	7
牢记	全心全意	6
牢记	人民	5
牢记	宗旨	5
牢记	初心	5
物	联网	10
物品	的	7
物品	和	7
物流	公司	6
物质	的	14
物质	文化遗产	9
物质	上	9
物质	生活	9
物质	星球	5
物质	形态	5
物资	的	21
物资	保障	21
物资	生产	11
物资	储备	10
物资	和	7
物资	运输	6
物资	援助	6
牵动	着	11
牵挂	你	5
特别	是	286
特别	的	35
特别	要	11
特别	峰会	7
特别	好	6
特别	大	5
特发性	震颤	8
特定	的	24
特征	的	7
特意	为	5
特有	的	15
特殊	的	65
特殊	时期	24
特殊	情况	13
特殊	待遇	10
特殊	群体	10
特殊	背景	9
特殊	高中	9
特殊	地位	7
特殊	人才	6
特殊	意义	5
特点	的	8
特点	和	6
特色	社会主义	427
特色	的	23
特色	农产品	12
特色	和	6
特色	文化	5
特首	林	38
特首	指定	5
牺牲	的	31
牺牲	了	12
牺牲	和	8
牺牲	后	6
牺牲	烈士	5
牺牲	多	5
牺牲	自己	5
犀利	的	5
犯	了	13
犯下	的	5
犯罪	的	22
犯罪	嫌疑人	21
状态	下	13
状态	和	12
状态	的	6
狗	只	6
狗	的	6
狠抓	工作	6
独一无二	的	5
独有	的	11
独特	的	36
独特	优势	5
独立	的	27
独立	队	5
独立	于	5
狭隘	的	5
猎人	游戏	5
猛烈	的	10
猪	的	9
献出	了	8
率	也	7
率	和	7
率	是	5
率先	在	6
率领	的	18
率领	下	7
率领	部队	5
王	和平	44
王	调兵	6
王	的	5
王	统一	5
王	局长	5
王毅	在	5
玩	了	11
玩	的	9
玩	手机	6
玩	到	6
玩家	们	15
玩家	的	5
环境	下	34
环境	的	32
环境	中	32
环境	和	22
环境	整治	16
环境	问题	9
环节	和	6
环节	的	5
现代	的	8
现代	社会	7
现代	生活	7
现代	服务业	5
现代化	国家	93
现代化	建设	37
现代化	强国	26
现代化	的	25
现代化	水平	9
现代化	新	9
现任	总统	5
现在	的	107
现在	是	21
现在	已经	20
现在	还	17
现在	有	16
现在	我们	14
现在	也	14
现在	都	14
现在	却	9
现在	就	9
现在	这个	9
现在	疫情	9
现在	我	9
现在	在	8
现在	到	8
现在	要	8
现在	开始	7
现在	又	6
现在	大家	6
现在	很多	6
现在	这样	5
现在	不是	5
现场	的	12
现场	看	7
现场	观摩	6
现实	的	38
现实	中	36
现实	世界	6
现实	需要	5
现实	是	5
现实	问题	5
现实	工作	5
现实生活	中	15
现有	的	19
现有	重症	6
现行	的	5
现行标准	下	9
现象	的	9
现象	是	5
现象	发生	5
现金	的	5
玻璃	的	5
珍惜	粮食	8
珍惜	的	7
珍爱	和平	5
珍贵	的	10
班	的	13
班	是	5
班上	的	5
班子	的	5
球迷	的	5
理念	的	18
理念	和	7
理念	引领	6
理性	的	14
理想	的	35
理想	和	10
理想信念	的	10
理想信念	和	7
理想信念	是	7
理想信念	教育	6
理政	的	12
理由	是	19
理由	不	8
理由	相信	7
理解	和	25
理解	的	20
理解	与	5
理解	是	5
理论	学习	50
理论	武装	32
理论	的	23
理论	和	23
理论	联系实际	18
理论	上	18
理论	水平	15
理论	武装头脑	8
理论	自信	7
理论	基础	6
理论	与	6
理论	创新	5
理论知识	的	5
理论知识	学习	5
琐碎	的	7
瑶族	村	5
璀璨	的	6
甘	如意	8
甘于	奉献	17
甚至	是	56
甚至	在	28
甚至	有	28
甚至	还	20
甚至	还有	17
甚至	可以	16
甚至	会	13
甚至	连	13
甚至	可能	12
甚至	被	11
甚至	有人	8
甚至	也	8
甚至	把	8
甚至	更	6
甚至	有些	6
甚至	要	6
甚至	不	6
甚至	没有	6
甚至	直接	5
生	署	119
生	防	116
生	局	34
生	的	15
生	部	9
生	科	8
生	在	6
生	了	5
生	我	5
生产	生活	65
生产	的	40
生产	经营	19
生产	企业	16
生产	和	15
生产	基地	10
生产	工作	9
生产	运动	6
生产	口罩	5
生产	设备	5
生产	过程	5
生产线	上	5
生前	的	7
生前	曾	5
生力军	和	6
生动	的	13
生动	实践	12
生动	诠释	11
生动	体现	8
生动	故事	7
生命	的	102
生命	至上	41
生命	健康	31
生命	中	23
生命	和	19
生命	里	11
生命	为	7
生命	是	6
生命	诠释	6
生命	就	6
生命	而	5
生命	与	5
生命力	的	6
生命安全	和	53
生命财产	安全	15
生存	的	16
生存	和	8
生存	下去	6
生态	文明	71
生态	环境保护	30
生态	的	17
生态	修复	16
生态	环保	14
生态	保护	11
生态	道德	10
生态	文化	6
生态	治理	6
生态	宜居	5
生态	优先	5
生态环境	的	9
生意	的	10
生意	都	5
生成	的	6
生效	的	9
生日	派	11
生日	的	6
生机	活力	9
生根	发芽	6
生死	的	6
生死存亡	的	6
生气	的	7
生活	的	156
生活	中	107
生活	在	61
生活	方式	50
生活	水平	32
生活	秩序	31
生活	和	31
生活	条件	22
生活	会	20
生活	垃圾	17
生活	了	16
生活	环境	16
生活	是	16
生活	上	15
生活	物资	12
生活	质量	10
生活	也	10
生活	保障	10
生活	就	9
生活	困难	9
生活	需要	9
生活	带来	9
生活	需求	9
生活	有	8
生活	得	8
生活	情趣	7
生活	里	7
生活	所	6
生活	就是	6
生活	都	6
生活	很	6
生活	更	5
生活	改善	5
生活	息息相关	5
生活	压力	5
生活	与	5
生活	经历	5
生活	及	5
生涯	中	6
生物	的	15
生物	技术	9
生物	安全	7
生物	多样性	5
生物科技	公司	5
生病	的	5
生长	的	10
生长	在	9
甦	的	5
用	於	81
用	自己	66
用	好	64
用	实际行动	41
用	了	38
用	的	37
用	生命	25
用	在	25
用	习近平	24
用	权	14
用	上	13
用	行动	13
用	他们	13
用	起来	12
用	这种	9
用	双手	9
用	一种	9
用	新	8
用	实干	8
用	法律	8
用	得	8
用	手机	7
用	中国	7
用	制度	7
用	更	7
用	一个	7
用	汗水	7
用	群众	7
用	我们	6
用	她	6
用	最	6
用	一句	6
用	完	6
用	一颗	6
用	中文	5
用	才	5
用	科学	5
用	呢	5
用	真心	5
用	马克思主义	5
用人	导向	20
用人	的	12
用力	解决	9
用品	的	9
用品	等	5
用地	的	6
用工	需求	7
用心	用情	20
用心	去	10
用心	的	6
用情	用力	14
用户	的	19
用户	可以	10
用户	在	5
用法	的	5
用车	需求	5
用车	的	5
用途	的	6
用餐	的	7
甩锅	中国	5
甫	入	6
田野	里	5
田间	地头	24
由	於	625
由	政府	19
由	香港	17
由	他	15
由	即日起	12
由	中国	10
由	人民	9
由	去年	9
由	今日	9
由	自己	8
由	我	7
由	美国	7
由	国家	6
由	特首	6
由	共和	6
由	她	6
由	其	6
由	原本	6
由	中央	6
由	省委	5
由	新	5
由	其他	5
由	湖南	5
由	加拿大	5
由	北京	5
由	来	5
由	一个	5
由	今年	5
由于	疫情	16
由于	在	9
由于	是	8
由于	缺乏	8
由于	新冠	7
由于	他	7
由于	中国	6
由于	自己	5
由于	与	5
申请	的	6
申请	了	5
电动	调节	9
电台	的	6
电商	平台	21
电商	等	7
电商	巨头	6
电影	的	8
电影	中	8
电话	采访	11
男	病人	22
男	的	12
男	患者	11
男	乘客	10
男	嫌	9
男	事主	7
男人	的	7
男人	在	5
男友	的	5
男女	都	5
男子	在	27
男子	涉嫌	25
男子	及	19
男子	的	18
男子	被	18
男子	於	10
男子	和	7
男子	是	6
男子	弗洛伊德	5
男性	的	6
男童	的	9
畀	我	7
畀	人	6
畀	大家	5
界	的	6
留	了	8
留下	了	50
留下	的	41
留下来	的	5
留在	家中	67
留在	了	13
留在	家	8
留在	香港	6
留在	家里	5
留学生	的	5
留守	儿童	27
留得	住	8
留意	疫情	7
留意	的	6
留给	我们	5
留言	指	6
留言	表示	6
疏散	命令	6
疑	被	5
疑似	病人	15
疑似	患者	12
疑似	新冠	5
疫情	防控	1195
疫情	的	460
疫情	期间	120
疫情	下	112
疫情	影响	100
疫情	在	82
疫情	发生	82
疫情	中	71
疫情	暴发	55
疫情	而	53
疫情	最	52
疫情	蔓延	49
疫情	形势	36
疫情	和	36
疫情	大	36
疫情	爆发	33
疫情	对	32
疫情	之下	29
疫情	肆虐	29
疫情	仍	28
疫情	是	27
疫情	扩散	26
疫情	信息	25
疫情	前	23
疫情	面前	21
疫情	工作	19
疫情	阻击战	19
疫情	严重	19
疫情	发展	18
疫情	也	18
疫情	冲击	18
疫情	控制	18
疫情	仍然	18
疫情	已	17
疫情	带来	17
疫情	给	17
疫情	斗争	17
疫情	可能	16
疫情	已经	15
疫情	结束	14
疫苗	的	121
疫苗	在	20
疫苗	是	15
疫苗	接种	11
疫苗	研发	10
疫苗	和	9
疫苗	注射	6
疫苗	也	6
疫苗	推出	5
疯狂	的	6
疲于	应付	6
疲惫	的	10
疾控	部门	6
疾步	稳	5
疾病	的	50
疾病	控制	39
疾病	预防	20
疾病	控制中心	9
疾病	和	8
疾病	防控	8
疾病	等	5
病	的	23
病	病毒	7
病	了	6
病人	的	70
病人	於	19
病人	出院	18
病人	在	12
病人	康	11
病人	是	10
病人	入院	9
病人	提供	8
病人	被	7
病人	和	7
病人	及	6
病人	都	5
病人	已	5
病人	接受	5
病人	曾	5
病例	的	61
病例	中	34
病例	和	28
病例	数	26
病例	激增	26
病例	增加	16
病例	统计	15
病例	以及	14
病例	在	12
病例	超过	11
病例	已	9
病例	是	9
病例	都	8
病例	达到	8
病例	也	7
病例	仍	7
病例	及	7
病例	连续	6
病例	后	6
病例	增至	5
病例	均	5
病例	发生	5
病例	为	5
病例	中有	5
病例	累计	5
病床	的	10
病床	上	9
病态	的	5
病患	的	8
病患	在	6
病房	的	19
病房	里	10
病房	接受	7
病毒	的	291
病毒	肺炎	177
病毒	疫情	92
病毒	在	61
病毒	疫苗	38
病毒	是	31
病毒	大	31
病毒	核酸	25
病毒	和	23
病毒	病	22
病毒	可能	17
病毒	株	15
病毒	患者	15
病毒	有	15
病毒	而	13
病毒	研究所	13
病毒	死亡	12
病毒	呈	10
病毒	源头	10
病毒	暴发	10
病毒	病例	10
病毒	确诊	9
病毒	正在	9
病毒	量	9
病毒	流行	8
病毒	蔓延	8
病毒	已	8
病毒	或	7
病毒	可以	7
病毒	肆虐	7
病毒	主要	7
病毒	已经	6
病毒	散播	6
病毒	疾病	6
病毒	防控	6
病毒	也	6
病毒	爆发	6
病毒	有效	6
病毒	很	6
病毒	来源	5
病毒性	肺炎	5
病毒感染	的	15
病毒感染	病例	15
病毒感染	率	8
病毒检测	呈	19
病毒检测	结果	6
病症	的	5
病魔	较量	7
症	的	7
症状	的	27
症状	出现	5
症状	后	5
痊愈	人数	26
痛苦	的	18
痰	液	5
瘟疫	的	6
瘴	痼疾	5
癌症	研究	6
登上	了	16
登记	的	6
登陆	部队	6
白	纻	5
白	的	5
白人	至上	11
白人	警察	6
白宫	的	6
白崇禧	集团	5
白色	的	16
白色	私家	5
白雪	枯木	5
百出	荒诞不经	5
百姓	的	24
百年	未有	50
百年	奋斗目标	22
百年	的	11
百年	目标	9
百折不挠	的	7
的	人	1678
的	是	1143
的	时候	668
的	工作	628
的	问题	516
的	重要	486
的	地方	423
的	政治	390
的	发展	388
的	生活	385
的	情况	381
的	新	362
的	事	312
的	精神	301
的	方式	280
的	事情	280
的	中国	277
的	一个	268
的	疫情	260
的	时间	259
的	要求	255
的	能力	242
的	历史	220
的	同时	215
的	新冠	211
的	大	209
的	力量	202
的	思想	196
的	主要	184
的	原因	184
的	故事	181
的	国家	180
的	健康	180
的	安全	179
的	干部	174
的	过程	169
的	基础	169
的	作用	169
的	做法	167
的	孩子	166
的士	到	5
的士	及	5
的确	是	13
的话	说	13
的话	来说	7
的话	就	5
皆	是	19
皆	有	11
皆	因	9
皆	为	7
皆	可	7
皆	以	5
皆	已	5
皇后	大道	9
皇室	的	5
皇家	骑警	10
皇帝	的	17
皮	尤	5
监测	预警	10
监测	和	5
监督	执纪	40
监督	的	37
监督	保障	30
监督	和	26
监督	检查	26
监督	体系	15
监督	是	13
监督	责任	12
监督	工作	11
监督	委员会	8
监督	作用	7
监督	与	7
监督	就	6
监督	职责	6
监督	约束	5
监督	等	5
监管	的	12
监管	机构	11
监管	力度	5
盘踞	在	5
盛大	的	9
盟军	在	5
盟友	的	5
目前	的	117
目前	已	59
目前	在	45
目前	有	37
目前	仍	33
目前	正在	32
目前	还	25
目前	尚	23
目前	正	20
目前	疫情	16
目前	是	15
目前	已有	14
目前	已经	13
目前	尚未	11
目前	中国	9
目前	全球	8
目前	也	7
目前	不	7
目前	都	7
目前	来看	7
目前	共有	6
目前	仍然	6
目前	我国	6
目前	美国	6
目前	没有	5
目前	累计	5
目前	被	5
目前	看	5
目前	该	5
目前	新冠	5
目前	追踪	5
目标	任务	63
目标	的	40
目标	是	17
目标	和	9
目标	导向	8
目标	不	6
目的	是	85
目的	就是	14
目的	的	10
目的	和	9
目的	在	5
目的地	的	5
目的地	后	5
目睹	了	7
盯	着	16
直到	今天	8
直到	他	7
直到	去年	5
直接	的	26
直接	关系	22
直接	影响	12
直接	向	9
直接	最	9
直接	在	9
直接	面对	8
直接	用	8
直接	接触	7
直接	与	6
直接	进入	6
直接	就	5
直接	决定	5
直接	导致	5
直接	把	5
直接	或	5
直接	将	5
直播	带货	48
直播	平台	15
直播	的	8
直播	等	7
直播	行业	6
直播	中	6
直至	另行通知	22
直观	的	5
直观	地	5
直面	问题	28
直面	矛盾	6
相	统一	13
相	生	6
相互	联系	10
相互促进	的	16
相似	的	14
相信	是	24
相信	在	21
相信	自己	12
相信	事件	11
相信	我们	10
相信	很多	10
相信	你	8
相信	大家	8
相信	他	8
相信	的	7
相信	有	7
相信	政府	6
相信	我	6
相信	即使	5
相信	只要	5
相关	部门	80
相关	的	47
相关	负责人	17
相关	规定	15
相关	政策	14
相关	人员	13
相关	法律	10
相关	问题	8
相关	工作人员	7
相关	企业	7
相关	制度	7
相关	信息	7
相关	单位	7
相关	人士	7
相关	责任人	6
相关	法律法规	6
相关	机构	6
相关	情况	5
相关	职能部门	5
相关	要求	5
相关	朋友	5
相关	新闻	5
相关	资料	5
相反	的	13
相同	的	42
相对	较	16
相对	于	16
相对	的	9
相对	稳定	7
相差	不	6
相应	的	30
相当	的	10
相当	一部分	6
相当	多	5
相当	长	5
相机	的	6
相比	增加	11
相比	于	10
相比	前	5
相结合	的	11
相较	于	14
相辅相成	的	6
相连	的	5
相适应	的	5
相遇	的	5
盼	着	5
省	的	27
省	领导	10
省	卫生	8
省	民政厅	8
省	总工会	7
省	重点	7
省	发改委	7
省	人大常委会	6
省	扶贫办	6
省	重点项目	6
省	财政厅	6
省	文化	5
省	农业	5
省	教育厅	5
省份	建设	8
省份	的	7
省份	都	5
省会	城市	8
省委	副	20
省委	宣传部	9
省委	组织部	7
省委	和	6
省委	常委会	6
省委	决策	6
省市	县	10
省政府	的	6
省长	道	5
看	了	95
看	的	34
看	完	20
看	得	17
看	他	15
看	你	13
看	我	11
看	自己	10
看	出来	10
看	是否	9
看	一下	9
看	担当	8
看	电影	7
看	干部	7
看	去	7
看	谁	7
看	他们	7
看	问题	6
看	我们	6
看	得到	5
看	就	5
看	一眼	5
看	别人	5
看	那些	5
看	世界	5
看	向	5
看不到	的	5
看似	不	5
看作	是	7
看到	了	117
看到	的	70
看到	他	17
看到	一个	13
看到	这样	13
看到	这	12
看到	有	11
看到	过	10
看到	一些	10
看到	这些	10
看到	她	9
看到	他们	8
看到	我们	8
看到	我	7
看到	很多	6
看到	有人	6
看到	更	6
看到	父亲	6
看到	这个	6
看到	许多	5
看望	慰问	10
看来	是	7
看热闹	的	5
看看	我	5
看看	吧	5
看看	他	5
看着	他	5
看着	自己	5
看重	的	6
看齐	意识	8
真	本领	12
真	好	10
真	干事	10
真	可谓	6
真	脱贫	5
真实	的	61
真实	地	7
真实	存在	5
真实	身份	5
真心实意	为	5
真抓实干	的	6
真挚	的	7
真正	的	165
真正	做到	52
真正	把	23
真正	有	14
真正	让	12
真正	得到	11
真正	意义	10
真正	成为	10
真正	需要	10
真正	了解	9
真正	实现	8
真正	将	7
真正	在	5
真理	的	12
真的	是	48
真的	很	33
真的	不	10
真的	有	9
真的	太	9
真的	要	8
真的	可以	7
真的	就是	5
真的	不能	5
真相	的	6
真真切切	的	5
真诚	的	14
眼中	的	22
眼前	的	31
眼看	着	9
眼睛	是	5
眼科	中心	7
着	我们	41
着	的	33
着	他	27
着	我	26
着	自己	26
着	说	23
着	一个	22
着	你	16
着	中国	16
着	对	15
着	这样	14
着	他们	14
着	走	12
着	口罩	11
着	了	11
着	问题	11
着	这个	10
着	人民	10
着	她	10
着	每	10
着	生活	10
着	重要	9
着	孩子	8
着	人们	8
着	中国共产党	8
着	国家	7
着	很多	7
着	党	7
着	看	7
着	用	6
着	不	6
着	别人	6
着	一种	6
着	手机	6
着	这些	6
着	人	6
着	无数	5
着	身边	5
着	一条	5
着	这	5
着力	解决	27
着力	推进	19
着力	打造	14
着力	提升	10
着力	构建	8
着力	破解	6
着力	提高	6
着力	培养	6
着力	推动	6
着想	的	5
着眼	长远	5
睇	到	6
睇	得	5
睇	住	5
睡	在	10
睡	了	5
睡着	了	7
睡觉	的	5
督促	各级	5
督导	检查	10
督查	检查	20
督查	激励	6
矗立	着	5
矛盾	和	22
矛盾	的	21
矛盾	问题	10
矛盾	纠纷	9
矛盾	新	6
矛盾	多	5
矢志不渝	的	5
知	我	6
知	敬畏	5
知名	的	18
知情	人士	47
知行合一	中	5
知识	的	26
知识	和	12
知识	储备	7
知识产权	保护	6
知识分子	的	7
知道	自己	40
知道	他	35
知道	的	24
知道	你	21
知道	我	17
知道	是	16
知道	有	16
知道	了	16
知道	她	13
知道	什么	10
知道	这个	10
知道	这	10
知道	他们	9
知道	在	9
知道	该	8
知道	要	7
知道	从	6
知道	如何	6
知道	它	5
知道	怎么	5
知道	为什么	5
知道	那	5
短	视频	36
短	的	18
短时间	内	17
短暂	的	20
短期	的	7
短板	弱项	11
短板	和	8
短缺	的	12
短缺	问题	5
石头	上	6
石油	和	10
石碑	上	5
砍	了	5
研制	的	14
研制	出	13
研发	的	15
研发	出	7
研发	和	6
研究	中心	45
研究	人员	35
研究	的	33
研究	能力	22
研究	表明	21
研究	中	19
研究	和	15
研究	贡献	14
研究	团队	12
研究	工作	10
研究	发现	10
研究	了	9
研究	机构	8
研究	是	8
研究	中国	8
研究	报告	8
研究	与	8
研究	项目	7
研究	如何	7
研究	小组	7
研究	分析	6
研究	新	6
研究	指出	6
研究	公司	6
研究	显示	6
研究	决定	5
研究	及	5
研究	在	5
研究	问题	5
研究所	的	12
研究所	所长	7
砥砺	前行	25
砥砺	奋进	11
砥砺	品质	5
砥砺	奋斗	5
破	了	8
破坏	了	10
破坏	的	8
破解	难题	22
破除	形式主义	7
砸	了	7
硝烟	的	43
硬	的	19
硬	实力	6
硬	本领	6
确保	脱贫	18
确保	党中央	13
确保	了	12
确保	人民	11
确保	疫情	11
确保	我们	8
确保	不	7
确保	在	7
确保	实现	6
确保	全面	6
确保	高质量	6
确保	各项	6
确保	如期	6
确保	贫困	5
确凿	的	8
确定	的	32
确定	了	15
确定	为	13
确定	因素	5
确实	是	31
确实	有	14
确实	存在	8
确实	需要	5
确立	了	9
确立	的	8
确认	了	7
确诊	病例	232
确诊	患者	27
确诊	感染	20
确诊	的	15
确诊	人数	14
确诊	为	12
确诊	和	6
确诊	新冠	5
确诊	了	5
碎片	化	5
碰上	了	7
碰撞	出	5
碳	排放	7
碳	排放量	6
磅	的	8
磅礴	力量	19
磨砺	中	5
磨难	中	12
示威	的	15
示威	活动	13
示威	人群	7
示威	中	6
示威者	的	12
示威者	在	8
示威者	聚集	5
示范	基地	16
示范	带动	8
示范	引领	6
示范区	建设	5
社交	媒体	62
社交	平台	58
社交	距离	34
社交	网络	5
社会	的	144
社会	发展	56
社会	治理	37
社会	责任	27
社会	稳定	25
社会	经济	23
社会	中	22
社会	上	22
社会	力量	21
社会	环境	17
社会	组织	17
社会	生活	16
社会	主要矛盾	15
社会	进步	14
社会	和	14
社会	大局	11
社会	氛围	11
社会	公平正义	11
社会	和谐	11
社会	效果	10
社会	营造	9
社会	矛盾	9
社会	地位	8
社会	影响	8
社会	革命	8
社会	建设	8
社会	需要	8
社会	对	8
社会	实践	7
社会	是	7
社会	关注	6
社会	生产力	6
社会	监督	6
社会	带来	6
社会	参与	6
社会	形成	6
社会	资本	6
社会	责任感	6
社会	也	6
社会	蔚然成风	6
社会主义	思想	167
社会主义	现代化	155
社会主义	制度	72
社会主义	的	49
社会主义	核心	39
社会主义	道路	31
社会主义	事业	30
社会主义	建设	18
社会主义	市场	10
社会主义	法治	10
社会主义	基本	10
社会主义	最	9
社会主义	新	9
社会主义	市场经济	8
社会主义	是	8
社会主义	伟大	8
社会主义	进入	7
社会主义	社会	7
社会主义	和	7
社会主义	共同理想	7
社会主义	民主	6
社会主义	发展	6
社会主义	先进	6
社会主义	理论体系	5
社会主义	文化	5
社区	的	31
社区	工作者	22
社区	工作人员	14
社区	居民	13
社区	防控	13
社区	治理	9
社区	干部	8
社区	党组织	8
社区	是	8
社区	和	7
社区	基层	6
社区	书院	5
社区	党总支	5
社区	组织	5
祖国	的	35
祖国	和	15
祖国	建设	9
祖国	大地	5
神圣	的	7
神奇	的	18
神山	医院	10
神秘	的	13
祥和	的	6
票	站	14
票	的	5
禁令	的	15
禁止	所有	14
禁止	在	12
禁止	使用	8
禁止	任何	8
禁止	了	7
禁止	的	6
禁止	食用	5
禁止	入境	5
禁足	令	15
福利	的	10
福利	署	7
福祉	的	9
离任	村干部	5
离开	了	51
离开	时	9
离开	的	6
离开	这里	6
离开	美国	5
离开	中国	5
离退休	干部	11
私人	公司	5
私家	車	20
秋季	学期	21
秋季	的	6
种	的	8
种植	面积	8
种植	的	7
种植	基地	7
种类	的	5
种粮	大户	10
科	病房	6
科	的	5
科学	的	44
科学	防治	20
科学	理论	17
科学	防控	12
科学	精准	11
科学	发展	11
科学	精神	8
科学	和	8
科学	方法	8
科学	有效	7
科学	有序	7
科学	研判	7
科学	与	6
科学	应对	6
科学	把握	6
科学	发展观	5
科学	应变	5
科学内涵	和	5
科学决策	能力	21
科学化	水平	9
科学合理	的	7
科学家	们	18
科学家	精神	16
科学家	的	8
科学家	座谈会	5
科技	创新	77
科技	的	31
科技	公司	28
科技	工作者	21
科技	有限公司	19
科技	和	10
科技	感	9
科技	企业	9
科技	革命	9
科技	实力	8
科技	手段	8
科技	是	7
科技	城	6
科技	发展	6
科技	高中	6
科技	支撑	6
科技	罪案	6
科技	等	5
科技	强国	5
科技成果	转化	5
科研	攻关	16
科研	的	6
科研	工作者	5
秒	的	10
秘密	的	7
租金	的	9
租金	和	6
秦	女士	5
秩序	的	16
秩序	和	7
秩序	全面	5
积极	的	30
积极	投身	20
积极	作为	18
积极	配合	17
积极	作用	14
积极	推进	14
积极	推动	13
积极	参加	12
积极	向	12
积极	成效	10
积极	贡献	10
积极	地	10
积极	应对	9
积极	乐观	9
积极	发挥	9
积极	为	9
积极	帮助	7
积极	引导	7
积极	与	7
积极	践行	7
积极	回应	7
积极	信号	6
积极	发展	6
积极	倡导	6
积极	组织	5
积极	评价	5
积极向上	的	8
积极响应	国家	6
积极性	和	11
积极性	主动性	7
积累	的	21
积累	了	12
积累	经验	10
称	他	11
称	这	9
称	自己	8
称	其	5
称得上	是	6
移动	互联网	17
移动	版	6
移动	办公	5
移动	的	5
移民	的	17
移民	和	11
移民	政策	9
移民	家庭	8
移民	到	6
移民	提供	5
程序	的	9
程序	后	7
程序	或	6
程序	中	5
程序	等	5
程度	上	79
程度	的	45
程度	地	6
稍	有	14
稍	一	6
税务	部门	7
稳	就业	15
稳	增长	6
稳中求进	工作	8
稳住	了	7
稳定	的	45
稳定	和	11
稳定	就业	8
稳定	脱贫	7
稳定	在	6
稳定	等	6
稳定	增收	6
稳定	各项	5
稳定性	和	5
稳得	住	8
稳步	推进	6
究竟	是	27
究竟	有	8
究竟	如何	5
空	的	7
空军	的	6
空前	的	14
空气	中	9
空荡荡	的	7
空调	出风口	6
空调	系统	6
空调	的	5
空谈	误国	11
空间	也	11
空间	和	10
空间	表现	9
空间	方面	9
空间	大	8
空间	的	7
空间	是	6
空间	还是	5
穿	上	50
穿	的	13
穿	了	8
穿	好	5
穿梭	在	5
穿着	防护服	5
突出	问题	61
突出	的	36
突出	政治	13
突出	抓好	8
突出	矛盾	5
突发	公共卫生	26
突发	情况	5
突如其来	的	41
突显	了	5
突然	被	12
突然	发现	8
突然	宣布	7
突然	在	7
突然	间	5
突然	觉得	5
突破	了	15
立	了	6
立	有	5
立下	了	6
立即	停止	11
立即	向	9
立即	被	8
立即	将	7
立即	在	7
立场	观点	9
立场	上	6
立德	树	10
立德	树人	5
立法	的	24
立法	工作	9
立法	是	8
立法	程序	5
立足	岗位	13
立足	当前	10
立足	新	6
立足	当下	6
立足本职	岗位	5
立身	之	5
立马	就	6
竖起	大拇指	5
站	在	216
站	起来	38
站	的	27
站	得	15
站	出来	15
站	到	10
站	着	10
站	了	7
站	好	6
站	投票	5
站稳	人民	8
竞争	的	10
竞争	中	6
竞争力	的	10
竞选	团队	7
竞选	的	5
竟然	是	13
竟然	有	5
端	着	8
竹	坑	7
笑	言	30
笑	着	29
笑	了	14
笑	得	11
笑	的	7
笑	指	6
笑	道	5
笔下	的	7
笔者	认为	27
笔者	在	9
笔者	的	5
笔者	将	5
笔者	注意	5
符合	我	7
符合	人民	6
符合	领取	5
符合实际	的	7
符合条件	的	20
第一	时间	73
第一	师	13
第一	责任人	13
第一	医院	12
第一	人	11
第一	动力	10
第一	人民	8
第一	军	7
第一	职责	7
第一	的	7
第一	资源	6
第一	大	6
第一	梯队	6
第一	附属	5
第一	要务	5
第一	生产力	5
第一个	百年	17
第一个	五年	7
第一件	事	7
第一位	的	18
第一次	在	5
第一次	见到	5
第一波	疫情	7
第一线	高高飘扬	13
第一线	的	6
第一道	防线	8
第一阶段	贸易	6
第三	波	36
第三	大	8
第三	是	8
第三届	中国	5
第二	波	49
第二	大	21
第二	是	10
第二	高	8
第二	大城市	7
第二	梯队	6
第二	上市	6
第二个	百年	17
第二天	早上	9
第二天	就	7
第二天	上午	7
第二天	一早	6
第二次	是	5
第二次世界大战	中	5
第十一	师	5
第十一	代	5
第十四	个	16
第四	波	14
第四	军	6
第四	野战军	5
笼子	里	13
等	方面	158
等	地	114
等	人	113
等	问题	82
等	方式	71
等	工作	65
等	的	53
等	措施	45
等	都	40
等	着	29
等	重大	28
等	因素	28
等	防疫	27
等	各	27
等	部门	27
等	多种	23
等	领域	23
等	活动	23
等	重点	22
等	新	20
等	行为	19
等	城市	18
等	其他	18
等	重要	18
等	於	18
等	一批	18
等	物品	18
等	一系列	18
等	了	18
等	情况	17
等	在	17
等	相关	16
等	多个	16
等	形式	16
等	现象	15
等	手段	14
等	基本	14
等	各种	13
等	制度	13
等	为	13
等候	的	6
等候	入院	5
等国	的	7
等待	着	8
等待	的	7
等待	了	5
等等	的	7
筑牢	拒腐防变	7
筑牢	思想	7
筑起	了	11
答	好	6
答应	了	6
答应	不	5
答案	是	8
策略	和	5
筹集	了	5
签署	了	12
签订	了	12
签订	的	5
简单	的	76
简单	地	10
简单	了	5
简直	就是	8
简直	是	7
简短	的	6
简陋	的	8
算	什么	6
管	有	13
管	疫情	7
管	在	7
管	目前	6
管	我	6
管	如此	5
管制	站	10
管制	措施	8
管制	的	5
管得	住	7
管控	措施	10
管理	的	42
管理	和	29
管理	等	16
管理	公司	15
管理	部门	10
管理	服务	10
管理	措施	9
管理	上	8
管理	及	7
管理	监督	7
管理	不	6
管理	与	5
管理	学院	5
管理	党员	5
管理	人	5
管理	办法	5
管理	方面	5
管理	署	5
管用	的	8
米	的	18
米	高	8
米	以上	5
米粉	大	5
类	问题	5
类似	的	40
类似	于	10
类型	的	11
粉丝	的	6
粉碎	了	11
粉碎	敌人	7
粗	的	7
粗壮	的	5
粗暴	干涉	6
粗暴	的	6
粮食	生产	24
粮食	的	14
粮食	和	11
粮食	储备	6
粮食安全	是	7
粮食安全	的	5
精准	扶贫	76
精准	施策	41
精准	脱贫	25
精准	监督	24
精准	发力	15
精准	防控	9
精准	把握	9
精准	问责	9
精准	性	6
精准	的	6
精准	帮扶	6
精准	有效	5
精力	和	7
精力	抓	6
精力	投入	5
精力	集中	5
精彩	的	12
精湛	的	6
精确	的	6
精神	的	84
精神	和	46
精神	上	24
精神	是	17
精神	之	14
精神	动力	14
精神	追求	12
精神	在	11
精神	为	9
精神	健康	8
精神	文化	7
精神	支撑	6
精神	结合	5
精神	也	5
精神	问题	5
精神	脊梁	5
精神	生活	5
精神	抓	5
精神	作为	5
精神文明	建设	6
精神状态	和	13
精细	的	5
精美	的	8
精致	的	15
精致	感	5
糊涂	的	5
糖尿病	和	5
糟糕	的	35
系	的	9
系	和	5
系列	的	15
系列	重要讲话	9
系列	活动	6
系列	重要	5
系统	的	43
系统	和	8
系统	中	8
系统	会	8
系统	思维	5
系统	内	5
系统	掌握	5
系统	将	5
系统	治理	5
系统	谋划	5
系统	还	5
系统性	的	5
紊乱	的	8
素质	的	10
素质	和	7
素质	能力	6
索取	法律	6
紧密	相连	11
紧密	地	10
紧密	的	9
紧密团结	在	5
紧密结合	起来	7
紧密联系	在	5
紧张	的	23
紧张	关系	15
紧急	使用	6
紧急	救助金	5
紧紧	依靠人民	23
紧紧	依靠	6
紧缺	的	6
紧跟	时代	7
紧迫	的	8
紧迫感	和	5
紫草	素	5
累	了	10
累	的	6
累计	确诊	35
累计	死亡	22
累计	病例	19
累计	报告	19
累计	感染	17
累计	治愈	6
累计	有	6
累计	向	5
累计	达	5
繁忙	的	14
繁杂	的	5
繁琐	的	6
繁荣	发展	7
繁荣	的	6
繁重	的	7
纠正	偏差	6
纠错	机制	8
红	的	8
红	四团	5
红军	的	28
红军	长征	20
红军	在	16
红军	战士	13
红军	游击队	7
红军	队伍	7
红军	桥	6
红军	部队	6
红楼梦	的	9
红色	基因	20
红色	文化	18
红色	的	14
红色	资源	13
红色	教育	11
红色	故事	8
红色	精神	5
约	为	19
约	谈	15
约	有	14
约合	人民币	12
约束	自己	10
约束	并重	8
约束	和	7
约束	的	7
级	的	12
级	旅游	6
级别	的	15
级别	车型	11
级别	中	5
纪委	区	6
纪律	和	31
纪律	保障	12
纪律	规矩	9
纪律	意识	8
纪律	的	6
纪律	监督	5
纪律	要求	5
纪律	是	5
纪律	建设	5
纪检	干部	13
纪检监察	机关	111
纪检监察	工作	99
纪检监察	干部	60
纪检监察	队伍	9
纪检监察	职能	7
纪检监察	部门	6
纪检监察	组	5
纯	电动车	7
纯洁	的	6
纯洁性	的	10
纯粹	是	5
纳入	到	5
纵深	发展	19
纵深	推进	6
纵队	司令员	13
纷繁复杂	的	6
纷纷	在	6
纷纷	向	5
纸	上	11
纽约	的	10
纾	困	6
线	上线	19
线	上	15
线	的	5
线上	销售	6
线上	教学	5
线下	消费	5
练	好	8
组	的	12
组工	干部	71
组建	了	13
组建	的	7
组成	的	49
组成	了	7
组织	的	55
组织	工作	49
组织	建设	30
组织	和	23
组织	领导	21
组织	体系	21
组织	群众	18
组织	开展	16
组织	了	15
组织	力	13
组织	保证	13
组织	制度	13
组织	总干事	11
组织	起来	11
组织	在	11
组织	优势	10
组织	党员干部	8
组织	能力	8
组织	上	8
组织	将	7
组织	动员	7
组织	党员	7
组织	保障	7
组织	力量	6
组织	基础	6
组织	有	6
组织	要	6
组织	实施	5
组织	人事部门	5
组织	成员	5
组织	或	5
组织生活	会	8
组织路线	的	12
组织部门	要	11
组长	的	6
细微	的	5
细腻	的	6
细致	的	9
细节	的	10
终	会	5
终	有	5
终于	有	8
终于	在	8
终于	可以	7
终于	被	7
终究	是	9
终究	还是	7
终身	课题	7
终身	的	7
终身	学习	5
经	调查	5
经	研究	5
经典	的	13
经历	了	50
经历	过	36
经历	的	24
经历	百年	10
经历	着	6
经历	和	6
经受	住	24
经受	了	6
经常	会	12
经常	被	6
经常	在	6
经开区	的	6
经得起	历史	14
经得起	实践	10
经济	发展	131
经济	的	82
经济	增长	34
经济	和	29
经济	建设	20
经济	形势	17
经济	工作	16
经济	全球化	15
经济	上	14
经济	复苏	13
经济	实力	12
经济	高质量	11
经济	结构	11
经济	制度	11
经济	活动	11
经济	体系	10
经济	利益	9
经济	长期	9
经济	带来	9
经济	是	9
经济	下行	9
经济	快速	7
经济	主战场	7
经济	问题	7
经济	新	7
经济	影响	7
经济	与	6
经济	转型	6
经济	数据	6
经济	持续	6
经济	刺激	6
经济	不	6
经济	平稳	6
经济	将	6
经济	收入	6
经济	活力	5
经济	领域	5
经济	下滑	5
经济	地位	5
经济体制	改革	5
经济带	发展	6
经济社会	发展	194
经济社会	高质量	18
经济社会	的	8
经济社会	秩序	7
经济社会	运行	6
经济社会	造成	5
经营	的	23
经营	主体	7
经营	活动	7
经营	管理	5
经营	单位	5
经过	了	15
经过	多年	10
经过	一番	8
经过	艰苦	7
经过	的	7
经过	反复	6
经过	多次	5
经验	的	31
经验	和	21
经验	做法	7
经验	好	5
经验	与	5
经验丰富	的	5
结合	起来	62
结合	自身	11
结合	的	8
结合	工作	5
结婚	了	5
结对	帮扶	9
结束	后	31
结束	了	26
结束	时	12
结束	的	8
结构	和	7
结构	的	7
结构性	改革	15
结果	是	23
结果	的	16
结果	呈	10
结果	为	8
结果	却	6
结果	运用	6
结果	就是	5
结果	真实	5
结果	导向	5
结论	是	6
绕	着	6
绘	就	7
给	我	98
给	了	82
给	你	80
给	他	68
给	自己	66
给	我们	59
给	人	44
给	他们	33
给	她	30
给	大家	27
给	的	13
给	孩子	12
给	中国	12
给	别人	10
给	世界	9
给	美国	9
给	学生	8
给	国家	8
给	当地	8
给	患者	7
给	人们	7
给	你们	7
给	对方	7
给	群众	7
给	人民	7
给	更	6
给	全国	6
给	医护人员	6
给	您	6
给	一个	6
给	加拿大	5
给	其他	5
给	基层	5
给	经济	5
给	企业	5
给	居民	5
给	武汉	5
给	人家	5
给	日本	5
给予	了	21
给予	的	9
给予	我们	6
给予	适当	5
给予	更	5
给出	了	24
给出	的	16
绝不	是	21
绝不	姑息	5
绝地	求生	5
绝对	的	23
绝对	是	22
绝对	忠诚	19
绝对	不是	10
绝对	不会	9
绝对	不能	7
绝对	贫困	7
绝对	领导	6
绝望	的	6
统一	的	39
统一	到	25
统一	部署	16
统一	领导	16
统一	起来	11
统一	调度	10
统一	协调	8
统一	思想	6
统治	地位	8
统治	的	8
统筹	推进	47
统筹	协调	21
统筹	做好	13
统筹	疫情	12
统筹	抓好	9
统筹	城乡	6
统筹	谋划	6
统计	如下	15
统计	的	6
绣花	功夫	7
继承	和	23
继承	了	10
继续	向	16
继续	在	11
继续	保持	10
继续	为	10
继续	做好	9
继续	坚持	8
继续	努力	7
继续	推进	6
继续	工作	6
继续	做	5
继续	恶化	5
继续	与	5
继续	毫不放松	5
继续	留在	5
继续	向前	5
维护	国家	26
维护	好	21
维护	党中央	13
维护	和	12
维护	人民	12
维护	社会	11
维护	党	9
维护	了	8
维护	习近平	8
维护	群众	6
维护	全球	5
维权	人士	6
绵延	不	5
绷紧	弦	6
综合	素质	16
综合	运用	12
综合	来看	9
综合	能力	8
综合	实力	7
综合	考核	6
综合	分析	5
综合	考虑	5
综合国力	的	5
绿水青山	就是	15
绿色	发展	32
绿色	的	7
绿色	化	6
缓解	了	10
编制	的	6
缩小	了	5
缴获	的	9
缺乏	的	6
缺乏	对	6
缺少	的	11
缺少	了	8
缺席	投票	7
网	的	9
网上	流传	6
网上	看到	6
网上	的	6
网上	零售额	5
网友	的	14
网友	们	11
网友	在	7
网友	留言	7
网友	分享	5
网友	热议	5
网格化	管理	12
网民	的	5
网民	都	5
网站	上	19
网站	的	8
网红	城市	5
网络	上	28
网络	的	20
网络	直播	18
网络	暴力	8
网络	信息内容	8
网络	环境	7
网络	教育	7
网络	谣言	6
网络	视听	5
网络	舆论	5
网络	购物	5
网络	弹窗	5
罕见	的	21
罗斯福	号	7
罪	的	5
罪名	成立	15
罪名	是	6
罪行	的	15
置	於	9
置评	请求	8
署	的	7
署	今日	6
美	中	10
美	之间	6
美丽	的	58
美丽	乡村	14
美丽	中国	8
美丽	幸福	8
美丽	家园	5
美元	的	87
美军	的	10
美军	在	7
美味	的	6
美国	的	200
美国	人	104
美国	总统	37
美国	在	26
美国	和	26
美国	社会	16
美国	海军	16
美国	对	16
美国	大选	15
美国	官员	15
美国	疫情	13
美国	经济	13
美国	国务卿	13
美国	媒体	12
美国	人民	11
美国	警察	11
美国	政客	11
美国	民众	11
美国	新冠	10
美国	企业	10
美国	优先	10
美国	与	10
美国	将	9
美国	记者	9
美国	政治	8
美国	各地	8
美国	疾病	8
美国	国内	7
美国	一些	7
美国	历史	7
美国	国家	7
美国	总统大选	6
美国	仍	6
美国	公民	6
美国	技术	6
美国	没有	6
美国	业务	5
美国	已经	5
美国	民主	5
美国	卫生	5
美国政府	的	7
美国政府	对	5
美好	的	97
美好生活	的	57
美好生活	需要	22
美妙	的	6
美感	的	5
美方	的	7
美食	馆	6
羡慕	别人	9
群	和	7
群	的	7
群众	的	504
群众	工作	68
群众	中	46
群众	对	29
群众	生命安全	28
群众	最	28
群众	在	22
群众	服务	20
群众	身边	17
群众	关心	17
群众	获得	17
群众	是	16
群众	关切	14
群众	中来	14
群众	办实事	14
群众	脱贫致富	13
群众	解决	12
群众	生产	12
群众	和	12
群众	排忧解难	12
群众	感受	11
群众	公认	11
群众	生活	10
群众	所	10
群众	生命	9
群众	不	9
群众	意见	9
群众	增收	9
群众	需求	9
群众	转移	8
群众	说	8
群众	谋	8
群众	打成一片	8
群众	需要	8
群众	基础	8
群众	心中	8
群众	参与	8
群众	满意度	7
群众	评价	7
群众	学习	7
群众利益	的	10
群众反映	强烈	17
群众反映	的	6
群众满意	的	6
群众组织	力	6
群体	免疫	14
群体	的	14
群体	和	5
群体	就业	5
群聚	感染	9
群防群治	的	9
翠	如	9
翻	了	8
翻天覆地	的	13
翻译	的	5
耀眼	的	8
老	党员	19
老	人们	18
老	了	12
老	中心	10
老	领导	7
老	的	7
老	母亲	5
老	问题	5
老一辈	革命家	7
老人	的	25
老人	和	10
老人	护理	8
老人	在	5
老婆	说	7
老实	说	5
老师	的	35
老师	说	11
老师	们	8
老师	对	7
老师	在	7
老师	都	7
老师	和	6
老年人	的	6
老旧	小区	14
老款	车型	14
老百姓	的	48
老百姓	过	6
老百姓	都	6
考上	了	6
考察	识别	39
考察	时	25
考察	调研	13
考察	对象	9
考察	了	8
考察	中	7
考察	的	5
考核	的	31
考核	工作	19
考核	结果	18
考核	评价	18
考核	中	14
考核	方式	5
考核	指标	5
考生	的	6
考生	今日	5
考研	英语	5
考虑	到	54
考虑	的	13
考量	的	7
考验	着	14
考验	的	12
考验	和	6
考验	面前	5
考验	中	5
者	的	73
者	是	15
者	在	14
者	和	14
者	提供	10
者	及	10
者	进行	8
者	被	8
者	都	8
者	中	7
者	有	7
者	也	7
者	可	7
者	或	6
者	为	6
者	追踪	6
者	来说	6
者	担当	5
者	撑腰	5
者	更	5
者	追	5
而	不是	216
而	在	188
而	被	78
而	不	76
而	非	53
而	他	42
而	这	37
而	又	34
而	我	32
而	来	31
而	为	25
而	有	23
而	至	23
而	去	23
而	要	20
而	上	20
而	从	18
而	她	17
而	这些	17
而	没有	17
而	在于	17
而	努力奋斗	16
而	现在	16
而	我们	16
而	其他	16
而	对于	16
而	奋斗	15
而	受到	15
而	不能	14
而	对	13
而	那些	12
而	这个	12
而	死亡	12
而	努力	11
而	出	11
而	死	11
而	你	11
而	需要	11
而	当	11
而	有所	10
而且	还	23
而且	是	20
而且	在	18
而且	也	16
而且	要	14
而且	有	9
而且	可以	8
而且	他	8
而且	它	7
而且	她	7
而且	这	7
而且	我	7
而且	没有	6
而且	会	6
而且	不	6
而且	能	5
而且	还有	5
而成	的	8
而是	要	32
而是	在	24
而是	一种	11
而是	把	8
而是	因为	8
而是	一个	7
而是	被	7
而是	从	6
而是	由	6
而是	自己	5
而是	有	5
而是	新	5
而是	用	5
而来	的	14
而生	的	6
而行	之	5
而言	之	6
而言	是	5
耐得	住	6
耐得	烦	5
耐心	等待	5
耽误	了	7
耽误	的	5
职业	的	10
职业	教育	7
职位	的	6
职工	的	5
职责	使命	12
职责	和	10
职责	的	6
联	汽车	6
联合	发布	8
联合	起来	6
联合	创始人	5
联合国	军	18
联想	到	10
联控	机制	18
联控	工作	5
联系	的	19
联系	在	14
联系	了	9
联系	起来	8
联系	到	6
联系	企业	6
联系实际	学	6
联邦	议会	14
联邦	警察	5
联邦	自由党	5
联邦政府	总理	9
联邦政府	在	6
联邦政府	的	6
联邦政府	对	5
联防	联控	56
聚	民心	5
聚居	的	9
聚焦	在	8
聚焦	主责	5
聚集	的	41
聚集	在	32
聚集	性	26
聚集	及	6
聪明	的	18
肆虐	的	19
肆虐	全球	18
肇始	表示	9
肇始	指	6
肉食品	供应链	5
肚子	里	5
股	的	7
股份	有限公司	9
股市	向上	6
肥皂	和	5
肩上	的	8
肩膀	上	16
肩负	的	10
肯定	是	21
肯定	会	15
肯定	的	11
肯定	了	8
肯定	有	7
肯定	能	7
肯定	要	6
肯定	也	6
肯定	不会	5
育新	机	12
肺炎	疫情	728
肺炎	的	105
肺炎	患者	62
肺炎	病毒	53
肺炎	确诊	46
肺炎	病例	32
肺炎	疫苗	24
肺炎	肆虐	15
肺炎	死亡	14
肺炎	在	13
肺炎	大	13
肺炎	诊疗	10
肺炎	住院	10
肺炎	重症	9
肺炎	防控	9
肺炎	病人	9
肺炎	感染	9
肺炎	新增	6
肺炎	例行	5
肺炎	是	5
肺炎	而	5
肺部	感染	5
背	了	5
背	起	5
背后	的	40
背后	是	9
背景	下	61
背景	的	20
背景	之下	6
背景	和	5
胎压	监测	5
胜利	的	60
胜利	后	17
胜利	是	6
胜利	走向	6
胜利	会师	6
胜利	提供	5
胡宗南	的	5
胸怀	和	5
能	在	106
能	让	57
能	不能	55
能	干事	41
能	把	32
能	得到	28
能	有	27
能	看到	26
能	做到	25
能	做	24
能	有效	19
能	给	18
能	从	17
能	用	16
能	实现	15
能	获得	14
能	为	14
能	保持	14
能	战胜	13
能	使	13
能	像	13
能	打赢	13
能	人	13
能	提供	13
能	更好	12
能	完成	12
能	将	11
能	与	11
能	说	11
能	找到	11
能	通过	10
能	提升	10
能	被	10
能	成功	10
能	感受	10
能	解决	10
能	吃	9
能	达到	9
能	不	9
能	对	8
能力	的	92
能力	和	76
能力	现代化	40
能力	强	21
能力	素质	18
能力	是	17
能力	水平	13
能力	不足	11
能力	有限	9
能力	提升	8
能力	与	8
能力	及	8
能力	等	8
能力	作为	6
能力	上	6
能力	建设	6
能力	为	5
能力	都	5
能力	中	5
能力	有	5
能力	过硬	5
能否	在	11
能否	做到	7
能够	在	23
能够	为	11
能够	实现	10
能够	让	10
能够	帮助	10
能够	满足	10
能够	把	8
能够	得到	8
能够	成为	7
能够	有	7
能够	更好	7
能够	更加	7
能够	达到	7
能够	有效	7
能够	提供	6
能够	真正	6
能够	取得	6
能够	给	6
能够	迅速	6
能够	做到	6
能够	早日	5
能够	带来	5
能够	将	5
能够	适应	5
能够	成功	5
能干	的	8
能源	和	5
能者	上	11
能量	的	20
能量	和	5
脆弱	的	19
脑海	里	8
脖子	上	7
脚	上	5
脚下	的	14
脚踏实地	的	6
脱	了	5
脱离	了	8
脱贫	攻坚	677
脱贫	攻坚战	153
脱贫	摘帽	26
脱贫	成果	26
脱贫	的	24
脱贫	工作	16
脱贫	质量	11
脱贫	人口	11
脱贫	不	10
脱贫	户	9
脱贫	与	8
脱贫	过程	8
脱贫	任务	7
脱贫	等	6
脱贫	结果	6
脱贫	后	5
脱贫致富	的	21
脱钩	的	6
脸上	的	14
腐	的	41
腐	不能	10
腐	不想	10
腐	体制	5
腐败	和	19
腐败	的	13
腐败	行为	7
腐败	是	5
腿部	空间	5
自	疫情	30
自	去年	26
自	在	19
自	媒体	14
自	北京	13
自	适应	12
自	以为	12
自	今年	12
自	於	9
自	不同	9
自	加州	7
自	上海	6
自	本月	6
自	香港	5
自	认为	5
自	分	5
自	那	5
自主	品牌	22
自主	创新	21
自主	研发	6
自主	创新能力	5
自主	学习	5
自信	的	15
自信	地	5
自动	对焦	12
自动	驾驶	12
自动	空调	6
自家	的	19
自己	的	1553
自己	是	79
自己	在	68
自己	也	53
自己	和	41
自己	有	27
自己	做	25
自己	不	25
自己	去	23
自己	喜欢	17
自己	都	16
自己	被	16
自己	就	15
自己	所	14
自己	要	13
自己	身上	13
自己	工作	12
自己	对	12
自己	很	11
自己	是否	11
自己	已经	11
自己	成为	10
自己	会	10
自己	说	10
自己	与	9
自己	想要	9
自己	没有	9
自己	又	9
自己	好	8
自己	动手	8
自己	开	8
自己	曾	8
自己	感染	8
自己	知道	8
自己	最	8
自己	最大	7
自己	可能	7
自己	家里	7
自己	及	7
自己	并	7
自强不息	的	7
自我	隔离	38
自我	革命	38
自我	革新	13
自我	净化	12
自我	提高	12
自我	约束	11
自我	的	8
自我	价值	8
自我	防护	7
自我	提升	7
自我	修养	6
自我	修炼	5
自我	监督	5
自治	的	12
自治	法案	7
自然	就	23
自然	的	22
自然	也	19
自然	是	16
自然	会	7
自然	条件	7
自然	基金会	6
自然	地	6
自然	有	5
自然资源	部	5
自由	的	38
自由	和	19
自由	是	6
自由党	政府	20
自由党	联邦政府	5
自由贸易	港	6
自行	車	7
自行	分配	7
自行	隔离	5
自觉	把	18
自觉	接受	16
自觉	地	14
自觉	践行	13
自觉	做	13
自觉	加强	12
自觉	行动	12
自觉	和	10
自觉	的	10
自觉	抵制	9
自觉	在思想上	9
自觉	做到	9
自觉	从	6
自觉	学习	5
自觉	向	5
自豪	的	6
自贸	试验区	12
自身	的	100
自身	硬	18
自身	建设	16
自身	做起	16
自身	发展	10
自身	安全	9
自身	存在	9
自身	工作	8
自身	利益	7
自身	素质	7
自身	实际	7
自身	能力	6
自身	安危	6
自身	价值	5
自身	免疫力	5
自驾	旅游	6
至	本月	12
至	下午	11
至	晚上	9
至	今日	8
至	五	6
至	昨日	6
至	目前	6
至	凌晨	5
至	二十	5
至	高	5
至	周五	5
至	第	5
至上	的	18
至今	仍	34
至今	已	16
至今	年	16
至今	有	13
至今	共有	11
至今	还	8
至今	没有	8
至今	的	7
至今	共	7
至今	尚未	6
至今	未	6
至今	早	6
至今	都	5
至今	未有	5
至关重要	的	11
至尊	公主	11
至少	有	80
至少	要	18
至少	在	13
至少	是	10
至少	需要	5
至少	可以	5
至高无上	的	5
致力	於	28
致力于	推进	8
致命	的	20
致命	武器	5
致富	的	11
致贫	原因	5
舆论	引导	15
舆论	的	8
舌尖	上	36
舍生忘死	的	5
舒适	的	14
舒适	圈	5
舞台	上	21
舞弊	的	6
舟	引渡	9
舟	的	8
舟	事件	5
航天	科技	5
航班	的	15
航班	上	5
航空	管理局	9
航空	的	5
航空公司	的	9
船	公司	5
船	也	5
船上	的	9
良好	的	122
良好	政治	8
良好	家风	7
良性	互动	5
艰巨	任务	25
艰巨	的	9
艰巨	繁重	7
艰苦	的	19
艰苦	努力	18
艰苦卓绝	的	25
艰苦奋斗	的	17
艰辛	的	6
艰辛	历程	5
艰辛	付出	5
艰险	越	18
艰难	的	35
艰难	地	6
艰难险阻	的	8
色	暴雨	5
色彩	的	8
艺术	的	10
艺术	中心	8
节俭	的	12
节点	上	8
节目	中	11
节约	为荣	12
节约	习惯	8
节约	光荣	8
节约	意识	7
芒果	扶贫	12
芯片	的	8
花	了	45
花	在	17
花	的	5
花	开	5
花费	了	6
苏区	的	11
苏州	金龙	6
苏维埃	政权	7
苏联	的	9
苗头	性	10
若	是	29
若	在	17
若	不	16
若	你	9
若	要	9
若	有	8
若	有人	7
若	以	7
若	只	5
若	他	5
若干	准则	5
苦	了	9
苦难	辉煌	5
苦难	的	5
英勇	牺牲	10
英勇	奋战	10
英勇	奋斗	9
英勇	顽强	6
英国	的	18
英国	和	9
英国首相	鲍里斯	6
英寸	的	7
英文	的	7
英文	在	7
英语	培训	5
英里	在	5
英雄	的	41
英雄	们	17
苹果	的	9
苹果	手机	5
苹果	在	5
茂密	的	5
范围	内	90
范围	的	13
范围	最广	8
范围	之内	8
茶	的	8
草原	上	7
荔枝	角	7
荣华富贵	温柔乡	10
荣耀	猎人	6
荣誉称号	获得者	5
药品	和	9
药品	等	5
药物	的	9
荷花	女	5
莫名其妙	的	7
莫大	的	7
莫斯科	的	5
获取	的	8
获得	感	79
获得	了	54
获得	的	24
获得	更	8
获得	通过	5
菜	的	6
萌芽	状态	7
营	的	5
营业	的	6
营业	收入	5
营养	丰富	6
营造	良好	21
营造	出	11
营造	浪费	9
营造	了	5
落	在	31
落到	位	5
落到	了	5
落后	的	8
落后	于	6
落地	见效	18
落地	落实	7
落地	的	6
落实	到	50
落实	好	35
落实	的	31
落实	情况	25
落实	能力	22
落实	到位	22
落实	落地	15
落实	中央	13
落实	全面	13
落实	在	10
落实	各项	8
落实	主体	8
落实	上	8
落实	机制	7
落实	疫情	7
落实	国家	6
落实	党	6
落实	分区	5
落实	责任	5
落实	等	5
落实	不	5
落实	得	5
落户	湖南	5
落马	的	6
著	有	7
著名	的	75
董事	兼	8
董事	及	6
蒋介石	的	24
蒙上	了	8
蒙面	法	5
蓬勃	的	5
蔓延	的	20
蔓延	势头	12
蔓延	至	9
蔓延	速度	5
蔡	英文	60
蔬菜	的	9
蔬菜	和	5
蕴含	的	14
薄弱	的	8
薛	永恒	13
藏	在	11
虐待	的	5
虚假	信息	10
虚假	宣传	7
虚假	脱贫	7
虚拟	的	5
虫虫	物语	7
虽	是	9
虽	有	7
虽	已	7
虽然	在	24
虽然	是	21
虽然	没有	14
虽然	有	13
虽然	目前	10
虽然	我	10
虽然	也	9
虽然	不	9
虽然	现在	9
虽然	说	7
虽然	有些	6
虽然	中国	6
虽然	会	6
虽然	我们	6
虽然	已经	5
虽然	他们	5
虽然	都	5
虽然	疫情	5
虽然	很	5
虽然	加拿大	5
虾	苗	5
蚂蚁	集团	6
融	媒体	13
融入	到	26
融入	了	10
融入	世界	6
融入	国家	6
融合	发展	33
融合	的	13
融资	成本	5
血	的	5
血液	中	6
血肉	联系	28
血脉	在	11
行	有所	6
行	车灯	5
行业	的	38
行业	和	9
行业	发展	6
行业	都	6
行为	的	28
行为	是	10
行为	和	7
行为	上	7
行为	都	6
行为	进行	5
行为	有	5
行之有效	的	15
行人	路	8
行动	上	59
行动	的	38
行动	统一	20
行动	中	19
行动	自觉	16
行动	起来	15
行动	是	9
行动	部署	8
行动	方案	7
行动	听	5
行动	来	5
行动	和	5
行政	令	17
行政	审批	11
行政	主任	9
行政	管理	9
行政	机关	8
行政	执法	5
行政	权力	5
行政长官	林	5
行走	在	8
行驶	时	5
衍生	的	5
街	的	21
街	站	10
街	和	5
街上	的	10
街头	的	6
街市	的	8
街道	上	15
街道	的	12
街道	党工委	7
衣服	都	5
补	什么	5
补充	说	15
补充	道	7
补助	项目	7
补贴	的	6
补足	精神	9
补齐	短板	13
补齐	民生	5
表决	通过	5
表彰大会	上	9
表明	了	12
表明	他	5
表演	的	7
表现	出	42
表现	为	19
表现	突出	15
表现	的	13
表现	得	10
表现	在	7
表现	不错	6
表现	了	6
表现	非常	6
表现	优秀	6
表现	如何	5
表现	出来	5
表现	也	5
表示	自己	29
表示	在	23
表示	支持	23
表示	不	20
表示	将	18
表示	他	16
表示	要	16
表示	目前	12
表示	有	12
表示	希望	11
表示	已	9
表示	非常	9
表示	正在	8
表示	会	8
表示	他们	7
表示	很	7
表示	了	6
表示	欢迎	6
表示	对	6
表示	正	6
表示	理解	5
表示	愿意	5
表示	如果	5
表示	疫情	5
表达	对	17
表达	了	16
表达	的	12
表达	自己	11
表面	上	28
表面	的	9
衰老	的	5
衰退	的	9
衷心	拥护	5
袖子	加油	16
被	人	87
被	感染	81
被	称为	70
被	送往	67
被	警方	45
被	取消	43
被	要求	37
被	指	33
被	认为	33
被	逮捕	25
被	告知	24
被	列入	24
被	隔离	24
被	发现	23
被	拘留	22
被	指控	21
被	视为	21
被	他	20
被	禁止	20
被	扣留	20
被	授予	19
被	送到	19
被	逼	19
被	警察	18
被	确诊	18
被	送	17
被	中国	16
被	派	15
被	一名	14
被	安排	14
被	打	14
被	人们	14
被	杀	14
被	抓	13
被	拒	13
被	别人	13
被	任命	11
被	拍	11
被	允许	11
被	网友	11
被俘	的	6
被动	为	5
被动	的	5
被告	的	24
被告	在	22
被告	亦	5
被告	今日	5
被困	在	19
被子	的	6
被扣	查	5
被捕	的	23
被捕	男子	14
被捕	人士	14
被捕	者	10
被捕	后	7
被控	於	20
被控	在	6
被迫	取消	5
袭	来	8
裁判	法院	40
裁定	被告	5
装	上	9
装	了	6
装	的	5
装备	的	7
装备	制造	6
装备	制造业	5
装满	了	5
裔	人口	6
裔	的	5
裔	移民	5
西	荷里活	7
西北	的	6
西方	国家	38
西方	的	17
西方	发达国家	6
西班牙	流感	10
西班牙	的	7
西班牙	裔	5
西藏	工作	11
西藏	的	6
西部	的	13
西部	地区	8
要	有	222
要	把	208
要	在	202
要	坚持	174
要	以	116
要	加强	110
要	从	84
要	做	76
要	想	69
要	始终	67
要	做好	59
要	提高	58
要	做到	58
要	让	56
要	深入	55
要	保持	54
要	多	46
要	用	45
要	到	45
要	不断	41
要	继续	40
要	切实	40
要	注重	40
要	强化	40
要	坚决	39
要	去	38
要	时刻	38
要	对	37
要	将	36
要	知道	36
要	为	34
要	注意	34
要	看	34
要	树立	34
要	及时	33
要	充分发挥	33
要	通过	31
要	进一步	31
要	敢于	30
要	善于	30
要么	是	7
要么	就	7
要求	我们	38
要求	的	37
要求	和	31
要求	在	24
要求	政府	24
要求	所有	21
要求	是	12
要求	他	11
要求	各	10
要求	法庭	10
要求	她	10
要求	自己	9
要求	其	9
要求	立即	7
要求	各级	7
要求	不	7
要求	高	7
要求	我	6
要求	下	5
要求	进行	5
要求	人们	5
要求	对	5
要求	与	5
要求	中国	5
要求	群众	5
要求	各地	5
要紧	盯	6
覆盖	的	10
覆盖	到	5
见	过	16
见	了	12
见	不到	6
见	人	5
见	一	5
见	有	5
见	我	5
见义勇为	的	5
见到	了	11
见到	的	9
见证	了	28
见面	的	5
观众	的	17
观众	在	5
观察者	网	7
观念	的	6
观念	和	5
观测	到	6
观点	的	12
观点	方法	9
观点	认为	6
观点	和	6
观看	直播	7
观看	了	6
观看	的	6
规划	和	27
规划	编制	12
规划	的	11
规划	收官	8
规划	是	5
规则	的	7
规则	和	5
规定	的	42
规定	精神	22
规定	和	5
规定	了	5
规律	的	25
规律	和	5
规律性	认识	5
规模	最大	13
规模	的	12
规模	以上	12
规模	不	9
规模	之大	6
规模	之广	5
规矩	意识	8
规矩	是	7
规矩	挺	7
规矩	的	5
规范	的	8
规范	和	6
规范	管理	6
规范	自己	5
规范	权力	5
规范化	建设	5
视频	中	18
视频	连线	14
视频	平台	10
视频	的	8
视频	等	8
视频	显示	8
视频	在	7
视频	里	7
视频	拍摄	7
视频	方式	6
视频	被	5
视频	网站	5
视频	通话	5
视频	和	5
觉得	自己	25
觉得	他	8
觉得	这	8
觉得	很	8
觉得	是	5
觉得	它	5
觉得	非常	5
觉得	你	5
觉得	我	5
角度	来看	15
角度	去	10
角度	来说	7
角度	上	6
角度	讲	5
角色	的	13
角色	是	6
解	难题	12
解	群众	6
解决	好	56
解决	实际	52
解决	了	44
解决	的	44
解决	群众	42
解决	困扰	22
解决	实际困难	14
解决	形式主义	13
解决	人民	9
解决	企业	7
解决	这个	6
解决	新	6
解决	复工	6
解决	重大	6
解决	群众反映	6
解决	贫困	5
解决	什么	5
解决	疫情	5
解决问题	的	26
解放	的	13
解放	和	12
解放	了	10
解放战争	中	6
解放战争	时期	6
解脱	出来	6
解释	了	11
解释	说	10
解释	工作	6
解释	道	6
解除	医学观察	7
解除	隔离	6
解除	了	6
解难	事	10
触犯	了	5
言	之	6
言	人	6
言论自由	的	6
警告	说	17
警告	称	16
警察	的	24
警察	在	17
警察	和	12
警察	暴力	9
警察	制度	6
警察局	的	6
警局	的	8
警局	於	6
警方	在	68
警方	表示	64
警方	於	30
警方	拘捕	28
警方	的	28
警方	指	25
警方	亦	21
警方	逮捕	20
警方	凌晨	16
警方	今日	14
警方	昨日	13
警方	昨晚	12
警方	又	12
警方	提供	9
警方	提醒	9
警方	已	8
警方	和	8
警方	及	8
警方	正在	8
警方	以	7
警方	也	7
警方	相信	7
警方	早上	7
警方	对	6
警方	向	6
警方	使用	6
警方	跟	6
警方	不	6
警方	指出	6
警方	接到	5
警方	新界	5
警方	通报	5
警方	依法	5
警方	要求	5
警方	所	5
警方	表明	5
警示	教育	28
警示	教育片	5
计划	的	25
计划	在	17
计划	是	8
计划	和	7
计划	于	6
计划	将	5
订单	的	6
认为	是	51
认为	这是	14
认为	中国	12
认为	自己	12
认为	在	11
认为	这	9
认为	的	8
认为	我们	6
认为	他	6
认为	她	5
认为	我	5
认可	的	16
认定	为	6
认定	的	6
认真	贯彻落实	22
认真	的	13
认真	履行	12
认真	地	8
认真	研究	8
认真	履职	7
认真	抓好	7
认真	做好	7
认真	组织	6
认真	分析	5
认真	听取	5
认真学习	领会	8
认知	的	9
认证	二手车	6
认识	到	64
认识	的	20
认识	了	10
认识	你	9
认识	自己	8
认识	和	8
认识	上	5
讨论	的	9
讨论	了	8
讨论	和	5
让	人	246
让	我们	191
让	我	139
让	他	96
让	你	87
让	自己	84
让	他们	82
让	群众	51
让	人民	51
让	中国	36
让	她	36
让	更	32
让	孩子	29
让	人们	28
让	老百姓	28
让	大家	27
让	干部	25
让	其	22
让	它	20
让	学生	19
让	党旗	18
让	世界	16
让	那些	16
让	广大	15
让	美国	14
让	每个	14
让	基层干部	14
让	许多	13
让	基层	12
让	观众	11
让	人才	11
让	这	11
让	这些	11
让	一些	11
让	生活	11
让	社会	10
让	这个	10
让	企业	10
让	读者	10
让	每	10
议会	财政	5
议员	的	6
记在	心上	5
记录	了	20
记录	的	7
记录	着	7
记录	显示	5
记录	下	5
记忆	中	7
记者	的	28
记者	在	17
记者	说	17
记者	采访	12
记者	从	11
记者	来到	8
记者	了解	8
记者	提问	6
记者	介绍	5
记者	和	5
记者	表示	5
记者	看到	5
记者会	上	18
记载	的	8
记载	了	6
讲	政治	47
讲	的	29
讲	了	21
讲	规矩	21
讲	到	16
讲	党性	7
讲	担当	5
讲	原则	5
讲	奉献	5
讲好	中国	5
讲究	的	7
讲话	中	17
讲话	的	9
讲话	精神	9
讲述	了	21
讲述	的	8
许多	人	77
许多	国家	16
许多	中国	12
许多	的	9
许多	新	9
许多	同志	8
许多	企业	8
许多	地区	6
许多	方面	6
许多	在	5
许多	美国	5
论坛	许可	18
论文	的	12
论述	和	5
设备	和	10
设备	的	9
设施	的	8
设施	建设	7
设立	了	19
设置	了	15
设置	的	9
设计	的	28
设计	和	18
设计	了	10
设计	语言	9
设计	风格	9
设计	理念	7
设计	也	7
设计	上	5
设计	让	5
证实	了	14
证据	表明	7
证据	证明	6
证据	的	5
证明	了	27
证明	是	9
证明	自己	8
评价	机制	10
评价	干部	9
评价	的	6
评价	体系	5
评价	中	5
评论	文章	6
评论	说	6
评论	人士	5
识别	干部	33
识别	和	5
诉讼	中	5
诊疗	方案	14
词	的	5
试剂盒	的	6
试图	在	8
试图	让	7
试驾	的	6
诗	的	15
诗	中	6
诗	和	5
诗歌	的	8
诚实	守信	5
诚挚	的	8
话	说	17
话	的	8
话	就是	8
话	也	6
话	来	6
话	是	5
话语	中	5
诞生	的	9
诞生	了	7
诞生	于	6
诠释	了	41
诠释	着	6
询问	了	6
该	公司	74
该	病毒	25
该	如何	20
该	地区	20
该	组织	14
该	法案	14
该	怎么	13
该	项目	12
该	男子	11
该	有	9
该	做	9
该	协议	8
该	机构	8
该	区域	7
该	平台	7
该	系统	7
该	产品	6
该	怎么办	6
该	中心	6
该	疫苗	5
该	报告	5
该	市场	5
该	药物	5
该	女子	5
该案	的	5
详细	的	11
详细	介绍	7
详细	了解	6
语言	的	11
说	的	107
说	是	106
说	过	81
说	了	60
说	他	53
说	到	43
说	着	32
说	说	25
说	我	24
说	这	23
说	要	21
说	她	20
说	自己	20
说	什么	18
说	你	18
说	得	17
说	起来	15
说	我们	15
说	不	13
说	的话	11
说	出来	11
说	有	10
说	这个	7
说	而已	7
说	一句	7
说	如果	6
说	它	6
说	他们	6
说	在	5
说	真话	5
说	一些	5
说	吧	5
说	成	5
说	笑	5
说出	了	7
说出	自己	7
说明	了	20
说明	你	7
说明	情况	5
说服	了	6
说法	是	6
请	你	22
请	大家	10
请	你们	7
请	他	6
请	了	6
请	您	5
请	不要	5
请	记住	5
请战	书	8
诸多	的	5
读	了	9
读	原著	8
读	罢	6
读书	的	15
读书	日	6
读者	的	5
课堂	上	8
课程	的	5
课题	和	6
谁	都	43
谁	也	32
谁	的	26
谁	就	17
谁	是	15
谁	在	12
谁	来	12
谁	能	10
谁	会	8
谁	说	7
谁	又	7
谁	还	6
谁	不	5
谁家	的	5
调	到	5
调整	的	7
调整	好	6
调整	工作	5
调查	研究	82
调查	显示	14
调查	的	11
调查	中	9
调查	人员	6
调查	发现	6
调查	就	6
调查	后	5
调研	时	12
调研	中	12
调研	指导	6
调研	工作	6
调研	的	5
调节	功能	6
谈	治国	22
谈	了	10
谈判	的	7
谈心	谈话	10
谋	幸福	41
谋	复兴	27
谋	福祉	8
谋划	工作	7
谋划	和	6
谣言	的	9
谣言	和	7
谨慎	的	6
谱写	了	19
谱写	新	6
谱写	出	5
谴责	了	6
豁免	的	7
豁免	人士	6
象	徵	6
象征	着	12
豪华	品牌	7
豪华	的	5
豪华	感	5
负	能量	12
负	起	5
负担	的	5
负电荷	对偶	5
负责	的	30
负责	任	23
负责	报道	9
负责人	表示	17
负责人	介绍	10
负责人	说	8
负重	前行	12
负面	情绪	6
负面	清单	6
贡献	自己	23
贡献	了	10
贡献	的	8
贡献	智慧	7
贡献	一份	5
贡献	青春	5
财政	支持	6
财政	委员会	6
责任	担当	44
责任	和	31
责任	落实	28
责任	的	21
责任	与	21
责任	扛	14
责任	追究	9
责任	体系	6
责任	不	6
责任	到	5
责任人	的	6
责任意识	和	5
责任感	和	15
败坏	了	5
账号	上	5
货物	的	7
质	的	5
质量	和	21
质量	口碑	13
质量	的	12
质量	问题	6
质量	上	6
质量	黑洞	6
质量	效益	6
贫困	群众	65
贫困	劳动力	25
贫困	的	20
贫困	发生率	7
贫困	问题	5
贫困	是	5
贫困人口	全部	11
贫困人口	脱贫	8
贫困人口	的	5
贫困县	全部	8
贫困地区	和	9
贫困地区	的	9
贫困户	的	21
贫困户	脱贫	6
贫困户	有	5
贫瘠	的	6
贫穷	的	7
购买	的	18
购买	了	12
贯彻	习近平	64
贯彻	党	32
贯彻	新	27
贯彻	十九	9
贯彻	好	7
贯彻	党中央	7
贯彻	全会精神	7
贯彻落实	习近平	44
贯彻落实	新	15
贯彻落实	党中央	15
贯彻落实	党	11
贯彻落实	的	10
贯彻落实	好	9
贯彻落实	中央	7
贯穿	其中	12
贯穿	到	9
贯穿	于	9
贯穿	始终	8
贯穿	式	6
贴	上	8
贴	在	6
贴心	的	5
贴近	群众	7
贸易	协议	13
贸易	和	6
贸易	的	5
贾宝玉	是	7
贾宝玉	的	5
资助	的	5
资料	显示	9
资本	的	5
资格	的	6
资源	的	20
资源	和	10
资源	环境	5
资质	的	6
资金	的	13
资金	使用	10
资金	支持	5
赋予	的	40
赋予	了	16
赋予	新	5
赚	了	9
赚	的	7
赚钱	的	5
赢	的	13
赢	了	9
赢得	了	48
赢得	群众	12
赢得	人民	5
赢得	主动	5
赤裸裸	的	8
走	到	90
走	了	78
走	在	66
走	的	43
走	好	39
走	得	28
走	着	23
走	出去	20
走	去	16
走	下去	16
走	出来	13
走	群众路线	13
走	中国	10
走	完	10
走	越	9
走	过来	8
走	过去	7
走	人	7
走	下	6
走	一步	6
走	吧	6
走上	了	13
走上	街头	7
走出	了	12
走出	困境	8
走出	一条	7
走到	了	6
走向	成功	11
走向	了	11
走访	了	7
走访	慰问	7
走访	调研	5
走过	的	20
走过	了	14
走进	群众	10
走进	了	8
走遍	了	7
赴	台	11
赶	出	5
赶到	了	5
起	了	58
起	袖子	21
起	的	19
起	生效	10
起	死亡	9
起	在	8
起	一个	7
起	就	7
起	案件	6
起	已	6
起	武器	6
起	病例	6
起	众志成城	5
起	作用	5
起义	的	12
起义	部队	6
起到	了	39
起好步	提供	10
起来	的	63
起来	了	30
起来	也	11
起来	到	7
起来	很	7
起来	就	6
起来	容易	5
起源	於	5
起火	原因	16
起点	上	8
起草	了	7
起诉	的	5
起飞	的	7
超	表示	7
超出	了	15
超大	质量	9
超市	的	13
超级	传播者	6
超级大国	的	5
超负荷	的	5
超越	了	10
超过	了	32
超过	一半	6
超高	清	5
越	多	81
越	要	50
越	向前	18
越	好	15
越	大	12
越	需要	12
越	走	8
越	不能	6
越	容易	5
越到	最后	5
越是	在	20
越是	艰险	18
越是	要	10
越是	面对	6
越是	到	6
越来越	多	109
越来越	大	27
越来越	好	24
越来越	高	17
越来越	复杂	8
越来越	多人	6
越来越	频繁	5
越过	越	9
足	了	5
足以	让	6
足够	的	59
跌	至	14
跌	到	6
跌	逾	5
跑	到	37
跑	了	19
跑	去	13
跑	分	11
跑	出	8
跑	的	8
跑	路	7
跑	得	6
跑	长途	5
距离	的	17
距离	和	5
跟	我	43
跟	他	32
跟	你	18
跟	在	12
跟	他们	10
跟	大家	10
跟	著	10
跟	我们	9
跟	她	8
跟	自己	8
跟	住	8
跟	其他	6
跟	香港	5
跟上	时代	8
跟进	到	7
跟进	监督	6
跨境	电商	12
跪	在	5
路	的	11
路	人	10
路	要	6
路	社区	6
路	街道	5
路上	的	33
路边	的	8
路透社	报道	7
路面	上	5
跳	广场	9
跳	下	6
践	行者	12
践行	初	13
践行	了	9
践行	社会主义	8
践行	新	8
践行	着	7
践行	习近平	5
践行	的	5
践行	初心	5
践行	全心全意	5
踏	在	5
踏上	了	9
踏实	肯干	7
踏实	做事	5
踩	着	8
蹲	在	5
身	在	5
身上	的	34
身上	有	7
身上	搜	6
身上	都	6
身上	所	5
身份	的	26
身份	信息	7
身份	是	6
身份	与	6
身体	的	17
身体	不好	8
身体	不适	5
身体健康	放在	23
身后	的	7
身处	基层	5
身心	的	7
身边	的	73
身边	人	15
身边	有	7
身边	事	6
身边	每	5
身边	工作人员	5
躲	在	21
躲过	了	6
躺	在	38
車	相撞	6
车	内	23
车	的	21
车	都	7
车	在	6
车	联网	5
车主	的	6
车内	的	14
车型	的	26
车型	中	11
车型	上	7
车型	相比	7
车型	均	6
车身	尺寸	5
车辆	的	11
车辆	在	6
车辆	和	5
轨道	上	9
转	了	7
转	到	6
转化	为	80
转发	了	7
转变	为	15
转变	的	9
转变	发展	8
转型	升级	19
转型	的	13
转型	发展	6
转移	到	33
转过身	来	5
轮	到	6
软	实力	12
轰轰烈烈	的	12
轻松	地	7
轻症	患者	9
轻薄	本	10
轻言	放弃	6
轻言	成功	5
载	着	5
载人	航天	7
轿	跑	7
较	高	53
较	多	35
较	低	26
较	好	24
较	小	21
较	少	13
较	快	9
较	早	7
较	轻	5
较	强	5
较大	的	29
较强	的	8
较重	的	5
较量	的	6
较量	中	5
较长时间	应对	6
辆	坦克	5
辉煌	的	11
输	了	5
输入	性	11
输入	的	8
输入	病例	6
输入	和	5
辖区	内	20
辖区	居民	7
辛勤	的	7
辛勤	付出	6
辛苦	了	25
辛苦	的	10
辛苦	指数	7
辨识	度	8
辩证	思维	9
边	的	7
边	走	6
边区	的	7
边境	的	9
边境	服务局	9
边缘	户	6
辽阔	的	8
达	不到	11
达	人	9
达到	了	59
达到	的	8
达成	一致	10
达成	的	9
达成	了	6
迅速	蔓延	15
迅速	发展	11
迅速	在	8
迅速	的	7
迅速	占领	6
迅速	进入	6
迅速	集结	5
迅速	成立	5
迅速	采取行动	5
过	的	94
过	了	67
过	上	30
过	着	18
过	他	11
过	得	10
过	春节	7
过	不了	7
过	一次	7
过	这样	7
过	许多	6
过	不少	6
过	你	6
过	报道	5
过	草地	5
过	好	5
过	对	5
过	人	5
过	多	5
过	一个	5
过不去	的	6
过去	的	73
过去	了	38
过去	一年	10
过去	两个	8
过去	一周	7
过去	几十年	6
过去	几个	5
过多	的	8
过往	的	8
过来	的	15
过来	了	5
过硬	的	26
过程	中	260
过程	的	10
过程	是	6
过程	也	5
过程	扎实	5
过程	中有	5
迈上	新台阶	6
迈开	步子	8
迎来	了	39
迎难而上	的	8
运作	的	6
运动	的	21
运动	中	7
运动	模式	5
运用	到	17
运用	法治	8
运用	好	5
运用	监督	5
运用	马克思主义	5
运营	的	10
运营	成本	5
运行	的	32
运行	有效	5
运转	的	7
运送	到	5
近	月	24
近	两个	9
近	一年	9
近	百年	8
近	的	8
近	三十年	5
近代	以来	12
近日	在	29
近日	有	19
近日	的	11
近日	就	6
近日	疫情	5
近期	的	15
近距离	接触	8
返	警署	5
返乡	创业	7
返乡	人员	7
返回	的	9
返回	器	7
返回	加拿大	6
返港	的	7
返港	人士	6
还	在	178
还	没有	125
还	能	120
还	可以	77
还	不	56
还	没	54
还	说	54
还	将	54
还	得	43
还	需要	43
还	需	28
还	存在	27
还	未	25
还	可能	24
还	对	21
还	曾	18
还	表示	18
还	记得	17
还	可	16
还	支持	16
还	为	16
还	挺	15
还	与	14
还	被	14
还	很	14
还	包括	14
还	配备	13
还	不够	13
还	通过	13
还	不是	13
还	不如	12
还	想	12
还	不到	12
还	强调	11
还	能够	11
还	算	11
还	不能	11
还	会	11
还	配有	10
还	采用	9
还会	有	11
还是	要	46
还是	在	28
还是	比较	27
还是	有	25
还是	很	22
还是	会	14
还是	个	13
还是	挺	12
还是	一个	11
还是	被	10
还是	非常	8
还是	让	8
还是	需要	8
还是	可以	8
还是	对	6
还是	把	6
还是	决定	6
还是	能够	6
还是	不错	5
还是	从	5
还是	选择	5
还是	生活	5
还是	想	5
还是	没有	5
还是	那么	5
还是	不	5
还有	一些	30
还有	很多	23
还有	一个	22
还有	什么	18
还有	人	17
还有	的	14
还有	个	13
还有	许多	12
还有	一种	11
还有	更	11
还有	不少	6
还有	着	5
还有	这么	5
还有	待	5
还有	其他	5
还有	这样	5
还有	几个	5
还有	在	5
还有	一部分	5
还给	了	5
还要	有	9
还要	在	8
还要	加强	6
还要	多	6
还要	以	5
还要	把	5
还要	继续	5
这	是	218
这	也	171
这	一	132
这	就是	127
这	就	104
这	一点	67
这	两个	51
这	对	43
这	可能	43
这	不是	42
这	一天	40
这	让	37
这	类	36
这	意味着	34
这	在	34
这	一切	33
这	款	31
这	条	30
这	一年	29
这	段	28
这	将	27
这	一次	23
这	既	23
这	不	21
这	其中	21
这	只是	21
这	不仅	20
这	两天	19
这	本书	19
这	与	18
这	都	18
这	几年	17
这	说明	17
这	事	16
这	三个	16
这	并	15
这	几天	15
这	对于	15
这	期间	15
这	几个	14
这一	问题	11
这一	重要	9
这一	事件	8
这一	数字	7
这一	决定	6
这一	制度	6
这一	说法	5
这个	世界	62
这个	时候	52
这个	问题	48
这个	国家	32
这个	人	22
这个	时代	16
这个	过程	16
这个	名字	14
这个	词	13
这个	数字	12
这个	道理	12
这个	大	12
这个	特殊	12
这个	地方	11
这个	故事	11
这个	时间	10
这个	小	9
这个	决定	9
这个	意义	9
这个	社会	8
这个	情况	7
这个	事情	7
这个	话题	7
这个	想法	6
这个	城市	6
这个	在	6
这个	功能	6
这个	角度	6
这个	词汇	5
这个	时期	5
这个	目标	5
这个	核心	5
这个	病毒	5
这个	季节	5
这个	项目	5
这个	机会	5
这个	新	5
这个	春节	5
这个	信息	5
这个	角色	5
这么	多	32
这么	大	23
这么	做	17
这么	多年	15
这么	好	13
这么	说	12
这么	一个	10
这么	简单	7
这么	多人	6
这么	一句	6
这么	来	5
这些	都	53
这些	人	48
这些	年	29
这些	问题	28
这些	地方	15
这些	在	13
这些	国家	13
这些	天	12
这些	数据	9
这些	地区	9
这些	东西	9
这些	企业	8
这些	数字	6
这些	英雄	6
这些	措施	6
这些	事情	5
这些	工作	5
这些	话	5
这些	被	5
这些	病毒	5
这些	方面	5
这些	规定	5
这些	小	5
这些	限制	5
这些	信息	5
这些	指控	5
这件	事	40
这件	事情	17
这份	报告	5
这会	让	6
这位	老人	5
这句	话	38
这名	妇女	5
这名	男子	5
这场	疫情	59
这场	没有	24
这场	战斗	10
这场	战	10
这场	战争	10
这场	战役	8
这场	抗击	8
这场	脱贫	7
这场	危机	7
这场	人民战争	6
这场	硬仗	6
这场	同	5
这场	大考	5
这场	运动	5
这场	阻击战	5
这场	与	5
这场	严峻	5
这家	人	6
这家	公司	6
这座	城市	26
这座	桥	6
这张	照片	5
这才	是	23
这支	队伍	13
这支	部队	5
这方面	的	16
这时	的	6
这是	一个	41
这是	一种	35
这是	我们	28
这是	中国	16
这是	一场	16
这是	一次	7
这是	我国	5
这是	什么	5
这是	一件	5
这是	习近平	5
这条	路	5
这样	的	487
这样	一个	37
这样	做	35
这样	才能	22
这样	就	17
这样	说	17
这样	一种	15
这样	才	9
这样	一句	9
这样	我们	8
这样	那样	6
这样	一位	6
这样	不仅	6
这样	一段话	5
这样	被	5
这样	可以	5
这根	弦	19
这次	疫情	35
这次	的	26
这次	会议	6
这次	战斗	6
这次	新冠	5
这次	全会	5
这次	抗击	5
这次	大会	5
这款	车	22
这种	情况	60
这种	病毒	27
这种	行为	17
这种	方式	11
这种	做法	11
这种	现象	10
这种	人	8
这种	疾病	7
这种	事情	7
这种	精神	6
这种	事	6
这种	新	6
这种	说法	5
这种	特殊	5
这种	不	5
这笔	钱	9
这起	事件	5
这车	的	8
这部	剧	12
这部	电影	8
这里	的	64
这里	是	17
这里	也	7
这里	有	5
这里	没有	5
这项	工作	10
这项	协议	6
这项	新	5
这项	研究	5
这项	活动	5
这首	诗	13
进	了	28
进	到	6
进一步	加强	28
进一步	提升	24
进一步	增强	23
进一步	强化	19
进一步	的	17
进一步	完善	11
进一步	巩固	10
进一步	做好	9
进一步	明确	9
进一步	加剧	7
进一步	升级	7
进一步	深化	6
进一步	扩大	6
进一步	加大	6
进一步	推动	5
进一步	深入	5
进一步	加深	5
进一步	增加	5
进一步	恶化	5
进一步	解放思想	5
进一步	坚定	5
进一步	把	5
进一步	发展	5
进一步提高	政治	7
进入	新	39
进入	了	37
进入	紧急状态	9
进入	到	9
进入	中国	7
进入	一个	7
进入	全面	6
进军	的	7
进取	的	10
进口	冷链	10
进口	的	7
进口	博览会	6
进攻	的	13
进村	入户	7
进步	的	28
进步	派	5
进程	中	19
进程	的	6
进行	了	199
进行	的	50
进行	分析	17
进行	全面	17
进行	过	14
进行	消毒	11
进行	自我	11
进行	隔离	11
进行	一次	10
进行	到底	10
进行	检测	9
进行	研究	9
进行	培训	7
进行	跟踪	7
进行	到	7
进行	监督	7
进行	排查	7
进行	报道	7
进行	时	7
进行	优化	6
进行	调查	6
进行	更	6
进行	精准	6
进行	伟大	6
进行	讨论	6
进行	着	5
进行	广泛	5
进行	测试	5
进行	详细	5
进行	检查	5
进行	心理	5
进行	体温	5
进行	深入	5
进行	治疗	5
远	的	14
远	在	6
远去	的	8
远处	的	6
远大理想	和	8
远方	的	6
远景	目标	32
远程	办公	10
远程	会诊	9
远程	工作	5
远远	超过	7
违反	中央	12
违反	了	12
违法	的	10
违法	成本	5
违法	案件	5
违法	建筑	5
违法犯罪	行为	6
违法行为	的	6
违纪	违法	21
违纪	违法行为	6
违纪	违规	5
违纪	问题	5
违背	了	8
违规	违纪	5
连	的	11
连	着	6
连	官兵	5
连	在	5
连	拍	5
连任	的	6
连续	多日	8
连续	几天	7
连续	工作	6
连续	多年	5
连续	奋战	5
连长	和	6
迪士尼	的	5
迫切	的	6
述职	评议	8
迷人	的	6
迷你	世界	5
迷失	了	8
迹象	表明	10
追	的	7
追	责问	5
追求	的	23
追求	和	13
追求	融入	6
追求	美好生活	5
追踪	到	10
追逐	梦想	6
退	了	5
退休	的	22
退休	后	6
退出	的	6
送	上	27
送	去	21
送	至	13
送	了	12
送	的	10
送	进	7
送	我	7
送	抵	7
送	出	5
送	你	5
送	一程	5
送	他	5
送到	了	9
送往	伊利	5
送来	的	5
送来	了	5
送给	了	5
适合	自己	12
适合	的	10
适宜	的	5
适应	新	25
适应	巡航	9
适当	的	27
适用	于	17
适用	的	6
逃	去	18
逃	到	7
逆	行者	37
逆行	出征	5
选	好	10
选举	工作	13
选举	中	8
选举	的	6
选举	制度	5
选举	结果	5
选举人	票	10
选人	用人	37
选出	来	9
选拔	任用	22
选拔	优秀	5
选拔	出来	5
选择	了	54
选择	的	20
选择	自己	9
选择	在	7
选择	和	6
选择	是	5
选民	们	6
透明	的	12
透明度	的	5
透露	出	14
透露	他	5
逐出	境	5
逐步	恢复	10
逐步	实现	9
逐步	解封	9
逐步	恢	5
逐渐	成为	12
逐渐	形成	8
逐渐	开始	5
逐渐	恢复	5
递交	了	5
途中	的	5
逗留	在	5
通勤	者	5
通常	是	23
通常	在	11
通常	都	9
通常	会	5
通报	了	10
通报	的	10
通报	称	8
通报	曝光	5
通知	要求	6
通知	所有	5
通过	了	30
通过	对	27
通过	学习	17
通过	的	17
通过	加强	11
通过	开展	10
通过	视频	10
通过	网络	10
通过	与	9
通过	在	9
通过	自己	8
通过	不断	8
通过	微信	7
通过	大	7
通过	这	6
通过	电话	6
通过	直播	6
通过	建立	6
通过	各种	6
通过	政府	6
通过	这些	6
通过	这种	5
通过	立法	5
通过	科学	5
通过	网上	5
通过	这次	5
逝世	同胞	7
逝去	的	12
速度	和	13
速度	的	12
速度	快	8
速度	之快	7
速度	是	6
造	商	25
造	的	13
造	了	5
造假	的	10
造型	设计	7
造就	了	11
造就	一支	5
造成	的	111
造成	了	46
造成	至少	13
造成	重大	13
造成	巨大	11
造成	严重	9
造成	大量	6
造成	很大	5
造成	一定	5
造成	严重后果	5
造福	人民	19
逮捕	了	25
逮捕	的	9
逮捕	和	5
逼	的	6
逼	自己	5
遂	上前	5
遇上	了	5
遇到	的	39
遇到	了	28
遇到	一些	5
遇见	了	7
遏制	疫情	30
遏制	病毒	12
遏制	新冠	9
遏制	了	7
遏止	疫情	5
道	出	15
道	经营	15
道	的	13
道	县	7
道	及	6
道	是	5
道	指	5
道	格	5
道德	情操	10
道德	底线	7
道德	上	7
道德	操守	7
道德	绑架	6
道德	的	5
道理	的	10
道路	上	75
道路	的	18
道路	使用者	12
道路	自信	9
道路	安全	7
道路	和	6
遗憾	的	20
遥远	的	10
遭	一名	6
遭	白人	5
遭	警方	5
遭到	了	22
遭到	破坏	8
遭受	了	14
遭受	的	9
遭遇	了	14
遭遇	的	10
遭遇	疫情	5
遮	望眼	8
遵守	防疫	11
遵守	的	8
遵守	社交	8
遵守	政府	7
遵循	的	7
避免	了	10
避免	在	7
避免	疫情	7
避免	去	7
避免	前往	7
避免	聚集	6
避免	病毒	5
避免	被	5
避免	不必要	5
避免	到	5
避免	交叉感染	5
避免	与	5
邀请	了	6
邓小平	同志	9
那	是	113
那	就是	91
那	就	60
那	时候	25
那	你	18
那	一天	16
那	我	16
那	也	10
那	不是	10
那	我们	10
那	人	10
那	将	8
那	张	8
那	一幕	8
那	都	7
那	是因为	7
那	这个	7
那	以后	6
那	为什么	6
那	只是	6
那	份	6
那	只	5
那	两个	5
那	一年	5
那	一个	5
那个	时候	14
那个	时代	9
那个	人	8
那个	地方	5
那么	多	50
那么	大	16
那么	我们	15
那么	就	11
那么	他	10
那么	的	10
那么	容易	9
那么	多人	7
那么	你	5
那么	这个	5
那么	简单	5
那么	这	5
那些	在	17
那些	被	10
那些	人	10
那些	不	10
那些	想	5
那时	的	10
那样	的	37
那里	的	22
那里	有	8
邨	的	10
邨	及	7
邮轮	上	6
郑	能量	5
郑重	承诺	11
部	的	16
部	部长	5
部位	於	11
部位	的	10
部分	人	25
部分	的	16
部分	地区	15
部分	原因	10
部分	人士	8
部分	患者	7
部分	是	6
部分	在	6
部分	兵力	6
部分	党员干部	5
部分	也	5
部分	涉及	5
部署	的	24
部署	和	18
部署	落实	10
部署	上来	10
部署	要求	9
部署	落到实处	8
部署	到	8
部署	贯彻落实	7
部署	了	6
部署	在	6
部署	与	5
部署	工作	5
部署	中	5
部落	冲突	10
部落	的	6
部门	的	38
部门	要	26
部门	和	11
部门	联合	8
部门	单位	7
部门	在	7
部门	将	6
部门	应	6
部门	都	5
部门	之间	5
部门	也	5
部门	加强	5
部队	的	40
部队	在	15
部队	和	7
部队	进行	5
部队	中	5
都	是	1227
都	有	462
都	在	344
都	要	341
都	会	236
都	能	195
都	不	141
都	可以	130
都	很	111
都	没有	100
都	被	84
都	不能	70
都	需要	59
都	知道	57
都	不是	53
都	将	45
都	好	44
都	说	40
都	应该	40
都	已	39
都	唔	37
都	不会	36
都	非常	35
都	可能	29
都	没	29
都	希望	28
都	已经	27
都	与	26
都	想	25
都	必须	25
都	得	23
都	可	23
都	曾	20
都	做	19
都	觉得	19
都	让	18
都	应	18
都	不敢	18
都	比	17
都	对	17
鄂豫皖	苏区	8
配合	政府	13
配合	下	9
配合	的	8
配合	警方	5
配备	了	46
配套	设施	7
配套	的	5
配戴	口罩	17
配置	方面	23
配置	上	11
配置	的	8
配置	都	5
配送	中心	7
酒	的	5
酒吧	和	17
酒吧	及	10
酒吧	的	9
酒吧	等	6
酒店	的	24
酒店	和	14
酒精	搓手	10
醒	了	7
醒目	位置	5
采取	了	47
采取	的	44
采取	更	10
采取	果断	5
采用	了	76
采用	的	15
采用	相同	5
采访	时	28
采访	中	16
采访	了	12
采访	中说	6
释放	了	7
释放	的	7
释放	出	5
里	的	147
里	有	24
里	都	11
里	也	9
里	没有	8
里	说	7
里	看到	7
里	出现	7
里	还	5
里	去	5
里	了	5
里程碑	意义	8
里面	的	24
里面	有	9
重	的	8
重	品行	7
重	遏制	5
重启	经济	8
重大	决策	36
重大	战略	33
重大	风险	30
重大	的	29
重大	任务	20
重大	问题	16
重大	政治	14
重大	疫情	12
重大	突发	11
重大	挑战	11
重大	矛盾	11
重大	考验	7
重大	事项	7
重大	改革	7
重大	工作	6
重大	历史	6
重大	危机	6
重大	阻力	6
重大	公共卫生	6
重大	分歧	5
重大	举措	5
重大	部署	5
重大意义	的	5
重大项目	集中	5
重庆	的	5
重建	的	8
重新	开放	23
重新	评估	7
重新	恢复	6
重新	站	6
重新	开始	6
重新	开业	5
重新	回到	5
重温	入党	6
重点	工作	20
重点	是	18
重点	任务	16
重点	领域	15
重点	地区	13
重点	人群	12
重点	行业	11
重点	环节	10
重点	实验室	9
重点	区域	9
重点	企业	8
重点	场所	7
重点	群体	7
重点	联系	7
重点	人员	6
重点	关注	6
重点	在	6
重点	建设项目	6
重点	文物保护	5
重点	放在	5
重点	建设	5
重用	口罩	11
重用	的	5
重症	患者	45
重症	病例	23
重症	监护	11
重症	监护室	10
重症	病人	8
重症	病房	7
重要	的	412
重要	指示	50
重要	作用	49
重要	论述	43
重要	内容	31
重要	指示精神	27
重要	组成部分	27
重要	意义	24
重要	原因	18
重要	工作	17
重要	手段	15
重要	力量	15
重要	是	15
重要	位置	15
重要	任务	14
重要	因素	12
重要	战略	12
重要	贡献	12
重要	方面	11
重要	思想	11
重要	基础	11
重要	地位	10
重要	标准	10
重要	政治	10
重要	法宝	9
重要	抓手	9
重要	角色	8
重要	标志	8
重要	渠道	8
重要	支柱	8
重要	节点	8
重要	会议	7
重要	举措	7
重要	要求	7
重要	保障	7
重要	支撑	7
重要	制度	6
重要	了	6
重要	文章	5
重要	里程碑	5
重要性	和	7
重要讲话	精神	54
重要讲话	和	11
重要讲话	强调	9
重视	的	10
重返	工作	13
野战军	第	5
野生	的	7
野生动物	的	10
野生动物	交易	5
量	不	7
量	的	6
量身	打造	5
釐	清	8
金	的	12
金	和	5
金正恩	的	10
金正恩	在	7
金融	支持	11
金融	科技	10
金融	和	6
金融中心	的	6
金钱	的	6
金钱	和	5
金银	潭	19
针对	中国	10
针对	不同	6
针对	美国	5
针对	当前	5
针对性	地	19
针对性	的	18
针对性	和	8
钉	在	5
钟	翰林	6
钱	的	10
钱	都	6
钱	是	6
钱	也	5
钻石	公主	13
铁	肩膀	6
铁	的	6
铁路	的	8
铜	人	5
铭刻	在	7
铭记	历史	7
银行	和	6
银行	的	5
铸就	了	11
铺	的	5
铺天盖地	的	5
铺张浪费	的	5
销售	渠道	11
销售	的	8
销售	和	5
锐意	创新	5
锐意进取	的	5
错	了	23
错	的	11
错漏	百出	5
错综复杂	的	17
错误	的	34
错过	了	12
锤炼	忠诚	6
锤炼	自己	5
锲而不舍	的	6
锹	里	6
锻炼	干部	10
锻炼	的	6
锻炼	自己	5
镀铬	装饰	5
镇	的	6
长	的	19
长	了	11
长	达	9
长	在	8
长	震慑	5
长	公主	5
长	才干	5
长三角	一体化	6
长久	的	14
长城	的	5
长大	了	19
长大	的	13
长大	后	11
长征	路上	11
长征	的	8
长征	中	7
长征	途中	6
长时间	的	14
长期	的	27
长期	执政	16
长期	向	13
长期	坚持	10
长期	坚持下去	10
长期	在	8
长期	护理	7
长期以来	一直	5
长江	经济带	14
长沙	的	22
长沙	黄花	13
长沙	经开区	11
长沙	举行	7
长沙	梅	7
长沙	召开	7
长沙	市委	6
长沙	市民	6
长沙	电网	5
长沙	高新区	5
长沙市	公共卫生	9
长沙市	第一	8
长河	中	5
长远	的	28
长远	发展	7
长远	来看	5
门口	的	11
门板	储物	5
门诊	的	5
闪亮	的	5
闪耀	的	6
问	我	16
问	了	16
问	他	15
问	她	9
问	你	9
问	自己	6
问	他们	5
问责	的	9
问责	机制	5
问题	的	172
问题	上	72
问题	导向	44
问题	是	35
问题	和	34
问题	为	25
问题	整改	22
问题	能力	20
问题	都	17
问题	就	16
问题	线索	14
问题	时	13
问题	专项	13
问题	进行	12
问题	在于	12
问题	解决	11
问题	不	10
问题	在	9
问题	仍然	9
问题	来	9
问题	及时	9
问题	也	8
问题	中	8
问题	作为	8
问题	突出	8
问题	有	7
问题	与	7
问题	依然	7
问题	了	6
问题	就是	6
问题	等	6
问题	要	6
问题	已经	6
问题	又	6
问题	还	5
问题	不能	5
问题	而	5
问题	层出不穷	5
问题	面前	5
问题	已	5
闯	敢试	9
间	的	24
闹	得	5
阐明	了	7
阐述	了	8
队	的	6
队伍	的	18
队伍	中	12
队伍	组长	11
队伍	建设	10
队伍	和	8
队伍	里	6
队伍	不	5
队伍	在	5
队员	们	27
防守	的	7
防护	措施	23
防护	物资	15
防护	设备	14
防护	口罩	11
防护	装备	7
防护	的	6
防护服	的	7
防控	工作	233
防控	和	130
防控	的	127
防控	阻击战	113
防控	措施	60
防控	疫情	55
防控	一线	45
防控	期间	42
防控	形势	38
防控	中	31
防控	重点	16
防控	监督	13
防控	斗争	13
防控	常态	13
防控	知识	11
防控	取得	11
防控	是	11
防控	举措	10
防控	第一线	10
防控	责任	10
防控	要求	10
防控	成果	10
防控	等	9
防控	战	9
防控	新冠	9
防控	指挥部	9
防控	与	9
防控	需要	9
防控	策略	9
防控	就是	9
防控	物资	8
防控	任务	8
防控	正	7
防控	持续	7
防控	手段	6
防控	作为	6
防控	难度	6
防控	方案	6
防控	新型	5
防控	过程	5
防止	疫情	23
防止	病毒	16
防止	和	8
防止	新冠	8
防止	感染	7
防汛	救灾	28
防汛	抗旱	5
防汛	抗灾	5
防治	攻坚战	11
防治	工作	8
防治	中心	7
防灾	减灾	8
防疫	措施	184
防疫	工作	49
防疫	物资	36
防疫	的	19
防疫	联络员	17
防疫	用品	17
防疫	一线	14
防疫	政策	11
防疫	限制	10
防疫	要求	8
防疫	和	7
防疫	指南	7
防疫	知识	6
防疫	阻击战	5
防疫	工具	5
防疫	宣传	5
防疫	指引	5
防疫	及	5
防范	化解	13
防范	和	6
防范	工作	5
防范	风险	5
阳光	下	21
阳光	的	9
阳台	上	6
阳性	的	8
阵地	上	15
阵营	中	5
阶层	的	6
阶段	的	23
阶段	要求	5
阶段性	成果	6
阻击战	的	30
阻击战	中	22
阻击战	提供	9
阻力	是	8
阻挡	不了	10
阻断	疫情	7
阻止	病毒	17
阻止	新冠	8
阻止	了	7
阻止	疫情	6
阻碍	了	7
阿姨	的	7
阿拉伯	国家	5
附件	三	6
附属	医院	7
附近	的	116
附近	有	7
附近	居民	7
附近	地区	5
附近	亦	5
陆军	第	8
陆生	野生动物	5
陆续	复工	5
陆续	推出	5
陈	校长	5
陈旧	的	6
陌生	的	9
降	至	5
降	了	5
降低	了	18
降低	疫情	5
降到	最低	17
降到	了	5
降落	在	6
限制	措施	57
限制	了	13
限制	令	11
限制	的	8
限制	和	7
限制	在	7
限度	地	20
限度	的	16
限度	降低	5
陕北	的	6
院中	的	5
院士	团队	8
院士	的	5
院子	里	7
除	下	6
除	口罩	6
除	武汉	5
除	上述	5
除了	要	10
除了	有	10
除了	在	8
除了	做好	5
除了	是	5
除非	是	6
除非	你	5
陪	着	16
陪	我	8
陪	她	6
陪	父母	6
陪伴	的	6
陪伴	孩子	5
陪同	下	12
陷入	了	21
陷入	昏迷	5
陷入困境	的	6
隆重	的	5
随即	在	5
随后	的	16
随手	拍	6
随时	准备	14
随时	都	7
随时	可能	5
随着	疫情	16
随着	中国	11
随着	时间	10
随着	新冠	9
随着	社会	9
随着	改革开放	7
随着	生活	6
随着	人们	5
随着	科技	5
随着	美国	5
隐形	变异	5
隐患	排查	5
隐瞒	了	6
隐瞒	疫情	5
隐私	的	8
隐秘	的	6
隐蔽	战线	5
隐藏	着	8
隔	着	11
隔离	的	34
隔离	措施	15
隔离	治疗	11
隔离	观察	10
隔离	点	9
隔离	人员	8
隔离	防疫	7
隔离	和	5
隔离	医学观察	5
隔离	期间	5
隔离	期	5
难	的	14
难	啃	6
难事	看	7
难以想象	的	9
难关	的	5
难度	大	5
难度	最大	5
难得	的	19
难忘	的	12
难点	问题	12
难道	不是	10
难道	就	6
难道	不	6
难题	的	8
雁北	支队	5
集中	在	65
集中	的	22
集中	隔离	14
集中	优势	14
集中	育秧	12
集中	开工	11
集中	救治	8
集中	到	8
集中	爆发	6
集中	於	6
集中	起来	5
集中	于	5
集中	火力	5
集中	整治	5
集中体现	了	7
集中力量	办	25
集中统一	领导	35
集中统一	的	5
集体	学习	21
集体	和	7
集体经济	组织	7
集体经济	收入	5
集团	的	16
集团	有限公司	14
集团	董事长	7
集团	旗下	6
集结	号	5
集聚	爱国	5
雨	中	9
雨	后	8
雪亮	的	6
零	容忍	31
零	和	10
零	收入	9
零	感染	5
零售	商店	8
零售	企业	6
零售	界	5
雷	神山	20
需	的	55
需	自身	10
需	在	8
需	使用	7
需	接受	6
需	提供	5
需	保持	5
需	於	5
需	戴	5
需求	的	33
需求	和	11
需求	也	8
需要	的	171
需要	我们	51
需要	在	49
需要	更	24
需要	有	20
需要	和	19
需要	注意	18
需要	用	15
需要	人士	13
需要	什么	12
需要	使用	12
需要	不断	12
需要	把	11
需要	戴	11
需要	去	11
需要	大量	11
需要	帮助	10
需要	保持	10
需要	进行	9
需要	向	9
需要	一个	9
需要	对	9
需要	做	8
需要	坚持	8
需要	更多	8
需要	了解	8
需要	接受	8
需要	党员干部	8
需要	将	8
需要	时间	8
需要	从	8
需要	重新	7
需要	再	7
需要	进一步	7
需要	通过	7
需要	一定	7
需要	提供	7
需要	及时	6
需要	做好	6
需要	学习	6
露出	了	5
露宿	者	8
青少年	的	8
青山	公路	6
青年	的	24
青年	学生	19
青年	党员	8
青年	志愿者	8
青年	是	6
青年	在	6
青年	人才	6
青年	们	6
青年	党员干部	5
青年	和	5
青年一代	的	6
青年干部	要	22
青年干部	的	8
青春	的	18
青春	和	7
靓丽	的	5
靖州	苗族	5
静音	车厢	5
非	牟利	23
非	物质	8
非	本地	7
非	要	7
非但	没有	6
非凡	的	9
非常	重要	63
非常	的	38
非常	好	30
非常	大	28
非常	有	27
非常	不错	16
非常	不	16
非常	高	12
非常	时期	12
非常	清楚	12
非常	喜欢	11
非常	值得	8
非常	出色	8
非常	多	8
非常	辛苦	7
非常	之	7
非常	实用	7
非常	非常	7
非常	接近	6
非常	失望	6
非常	支持	6
非常	担心	6
非常	符合	5
非常	巨大	5
非常	敏感	5
非常	危险	5
非常	相似	5
非常	严重	5
非常	熟悉	5
非常	满意	5
非常	丰富	5
非常	明确	5
非常	必要	5
非常	艰难	5
非常	棒	5
非常	方便	5
非常	生气	5
非常	有限	5
非必要	的	12
非法	入境	11
非法	用途	9
非法	移民	7
非法	野生动物	5
非洲	国家	16
非洲	的	10
非洲	裔	7
靠	自己	23
靠	的	16
靠	谱	14
靠	在	6
靠	前	5
靠前	指挥	10
面	的	5
面临	的	106
面临	着	59
面临	巨大	6
面临	不少	5
面临	各种	5
面前	的	18
面前	不	7
面前	敢于	5
面向	经济	5
面对	疫情	36
面对	的	23
面对	突如其来	18
面对	困难	15
面对	新	14
面对	风险	13
面对	群众	11
面对	复杂	11
面对	着	10
面对	世界	8
面对	生活	7
面对	当前	7
面对	矛盾	7
面对	严峻	7
面对	工作	7
面对	新冠	6
面对	敌人	6
面对	危机	5
面对	问题	5
面对	这些	5
革命	的	55
革命	精神	27
革命	根据地	24
革命	历史	8
革命	先辈	8
革命	和	8
革命	老区	8
革命	事业	7
革命	文物	6
革命	传统	6
革命	前辈	6
革命	思想	5
革命	委员会	5
革命战争	年代	6
鞠	小节	6
韦	贵妃	5
韩	航空	7
韩国	瑜	10
韩国	的	7
韩国	官员	5
音乐	的	13
页面	上	6
顶	着	13
顶层	设计	15
顶配	车型	10
项	与	5
项目	建设	43
项目	的	23
项目	中	10
项目	是	5
项目	上	5
顺利	抵达	6
顺势	而	7
顺应	人民	7
顺风	车	12
顽	瘴	5
顽强	的	17
顽强	奋斗	7
顽强拼搏	的	5
顾	大全	6
顾客	在	6
颁布	的	6
预期	的	14
预测	的	5
预示	着	7
预见	的	5
预警	和	5
预计	将	12
预计	在	7
预防	控制中心	13
预防	中心	12
预防	和	6
预防	控制	5
领事馆	的	7
领会	习近平	13
领先	的	14
领军	人才	6
领取	失业	5
领域	的	57
领域	腐败	15
领域	和	9
领域	中	6
领域	开展	5
领域	专项	5
领导	干部	337
领导	下	93
领导	的	76
领导	和	32
领导	是	11
领导	人民	9
领导	们	8
领导	同志	8
领导	机关	7
领导	地位	7
领导	机构	7
领导	工作	5
领导	力量	5
领导	作为	5
领导	中国	5
领导	核心作用	5
领导	了	5
领导人	习近平	25
领导人	的	16
领导人	和	5
领导人	都	5
领导层	的	5
领导班子	和	18
领导班子	成员	5
领袖	的	5
颇	有	22
频发	的	6
频繁	的	5
题	中	6
题材	的	7
颜色	的	5
额外	的	8
颠覆	了	6
风光	的	5
风景	名胜区	6
风格	的	7
风险	挑战	63
风险	的	34
风险	和	14
风险	地区	13
风险	防控	10
风险	点	10
风险	隐患	8
风险	能力	6
风险	考验	6
风险	评估	5
风雨	的	10
风雨	中	6
飞机	的	11
飞机	和	8
飞机	上	7
食品	及	11
食品	的	10
食品	浪费	6
食品	和	6
食品	药品监督管理局	5
食材	的	5
食物	及	34
食物	的	18
食物	和	14
食物	中	8
食物	安全	5
食用	野生动物	6
餐厅	的	5
餐厨	垃圾	11
餐桌上	的	6
餐饮	浪费	64
餐馆	和	7
饭桌	上	6
饮水	安全	9
饰演	的	12
饱满	的	16
饿	了	14
首	的	7
首位	的	5
首例	确诊	6
首例	死亡	6
首先	要	47
首先	是	22
首先	在	8
首先	必须	6
首先	就是	5
首先	想到	5
首席	执行官	29
首席	公共卫生	10
首席	卫生	6
首批	疫苗	9
首次	在	14
首次	突破	7
首次	有	7
首次	提出	6
首次	推出	5
首次	将	5
首次	合作	5
首要	政治	18
首要	位置	11
首要	的	8
首都	新德里	6
香喷喷	的	5
香港	的	203
香港	人	59
香港	居民	55
香港	在	25
香港	是	20
香港	警方	16
香港	政治	12
香港	自治	12
香港	及	11
香港	民主	11
香港	和	11
香港	警察	10
香港	金融	8
香港	也	8
香港	天文台	7
香港	办事处	7
香港	教育	7
香港	有	7
香港	疫情	6
香港	目前	6
香港	事务	6
香港	实施	6
香港	永久性	6
香港	民意	6
香港	到	5
香港	或	5
香港	故事	5
香港	法律	5
香港	法治	5
香港	民主运动	5
香港	前	5
马上	就	17
马上	就要	5
马克	龙	7
马克思主义	的	31
马克思主义	立场	13
马克思主义	理论	11
马克思主义	政党	11
马克思主义	中国化	10
马克思主义	为	5
马克思主义	在	5
马路	市场	5
驯鹿	群	6
驰	而	10
驰援	湖北	12
驰援	武汉	8
驱动	发展	8
驱逐	了	5
驻	香港	9
驻	村干部	9
驻	休斯敦	8
驻	在	5
驻	联合国	5
驻守	在	5
驻扎	在	11
驻美	机构	5
驾乘	人员	5
驾驭	复杂	6
驾驶	座椅	5
驾驶	感受	5
骂	了	5
骄傲	的	5
骑	自行车	6
骑	着	5
骗	了	5
骨干	队伍	9
高	的	199
高	於	44
高	了	13
高	达	8
高	要求	8
高	海拔	6
高	版本	6
高	比	5
高中	的	11
高中	和	5
高兴	的	10
高兴	地	6
高危	人群	6
高危	地方	5
高危	的	5
高压	态势	14
高品质	的	5
高大	的	6
高尚	的	12
高层次	人才	6
高层次	的	5
高峰期	的	5
高度	的	32
高度	自治	19
高度	关注	10
高度	警惕	9
高度	统一	6
高度	赞誉	5
高度	来	5
高度负责	的	11
高技能	人才	6
高效	的	17
高效	运转	7
高新区	管委会	5
高新技术	企业	7
高新技术	产业	7
高昂	的	7
高校	毕业生	29
高校	的	11
高水平	的	15
高水平	改革开放	6
高素质	干部队伍	13
高素质	专业化	11
高素质	干部	6
高素质	的	5
高级	研究员	10
高级	的	5
高考	的	5
高质量	发展	263
高质量	完成	16
高质量	的	16
高质量	打赢	8
高质量	监督	6
高远	的	5
高速	发展	11
高铁	站	5
高风险	地区	7
鬼子	的	5
魅力	的	5
魔	怔	5
鲁迅	先生	8
鲜为人知	的	7
鲜明	的	23
鲜明	导向	15
鲜明	态度	5
鲜明	提出	5
鲜活	的	16
鲜红	的	11
鲜艳	的	7
鸟儿	们	5
黄冈	医疗队	22
黄冈	人民	6
黄花	国际	10
黄花	机场	6
黑	了	9
黑	科技	6
黑人	的	14
黑人	男子	11
黑人	女性	6
黑人	弗洛伊德	5
黑人	生命	5
黑客	入侵	6
黑暗	的	7
黑洞	的	7
黑色	的	7
默默	奉献	11
默默	付出	8
默默	坚守	6
鼓励	他们	7
鼓励	企业	7
鼓励	支持	6
鼓舞	了	10
鼓舞	和	7
鼓舞	着	5
龙	书记	8
龙	秀林	6
